店铺名称,评论用户,用户id,评分,评论内容,评论时间,下单时间,处理时间,配送时间,配送评分,评论类型,评论id,图片数量,图片链接,标签,商家回复
小湘厨木桶饭,abc没上班,189964819,5,#烟笋炒肉＋木桶饭# #小碗福利 | 麻婆豆腐（限购一份）# #烟笋炒肉＋木桶饭#,1761580800,1761580800,1761657597,23,0,11,9228582415,0,,,听说喜欢夸人的人，颜值都特别高！
小湘厨木桶饭,abc没上班,189964819,5,#【特色味道】香干腊肉＋木桶饭# #【特色味道】香干腊肉＋木桶饭# #可乐#味道正宗,1761235200,1761235200,1761312151,9,0,11,9216689939,0,,,感谢您对小店的认可，祝您用餐愉快，我们会继续努力!用餐过程中如有任何问题，您可随时联系我们。我们会第一时间为您服务，谢谢!
小湘厨木桶饭,PNM765566433,1950016683,5,味道很好很好吃,1761408000,1761408000,1761479749,41,0,11,9222752601,0,,,人生最幸福的事，莫过于有一群懂你的食客，你的鼓励就是我们店铺继续努力的动力，继续鼓励不要停哦！
小湘厨木桶饭,南宫睿宸,49867309,5,好吃,1761494400,1761494400,1761534630,32,0,4,9223897349,0,,,人生最幸福的事，莫过于有一群懂你的食客，您的鼓励就是我们店铺继续努力的动力，继续鼓励不要停，不~要~停！
小湘厨木桶饭,abc没上班,189964819,5,#外婆菜回锅肉＋木桶饭# #外婆菜回锅肉＋木桶饭# #王老吉#,1761235200,1761235200,1761312167,18,0,11,9216690748,0,,,亲爱的顾客，感谢您对我们店铺的评价与支持，当我们的用心烹饪的菜品得到您的肯定时，是我们最开心的时刻！期待您下次光临小店哦！
小湘厨木桶饭,FGH33,525028471,5,好吃，好吃，已经复购第二次了,1761753600,1761753600,1761801256,25,0,4,9232926925,0,,,听说喜欢夸人的人，颜值都特别高！
小湘厨木桶饭,nMv282541632,2270804541,5,#绝味啤酒鸭＋木桶饭#每天都点,1761840000,1761840000,1761886938,33,0,4,9235813965,0,,,看到亲的好评，小二心里暖暖的，这是小二听过*好听的话，记得随手收藏店铺，下次点餐不会迷路了哦~
小湘厨木桶饭,abc没上班,189964819,5,#土豆片排骨＋木桶饭# #土豆片排骨＋木桶饭# #王老吉#,1762099200,1762099200,1762176319,12,0,11,9246539764,0,,,感谢宝宝的好评，这么多的美誉，小堡实在收受不起。尽管这都是事实，但我们做人的原则就是~低调低调~
小湘厨木桶饭,abc没上班,189964819,5,#毛豆炒肉＋木桶饭# #王老吉# #毛豆炒肉＋木桶饭#,1761753600,1761753600,1761809822,21,0,11,9233269202,0,,,一流的食材创造出一流的美味!无论天气多么恶劣、距离多么遥远，我们都会把热气腾腾的餐品送到您的手中，您的好评是对我们最大的鼓励!
小湘厨木桶饭,sMq532071500,655083071,3,这是土豆丝？,1762272000,1762272000,1762315140,40,0,4,9250485018,1,http://p0.meituan.net/wmcomment/280a6cae658c54fcbbb4255f538c45c31341828.jpg',,亲爱的，收到了您的评价，未能给您带来最棒的体验，我们全体工作人员深感抱歉，我们会尽最大的努力把菜品做的更好，服务做的更佳。祝您生活愉快，期待您下一次的进店体验。
小湘厨木桶饭,匿名用户,0,2,米饭有点硬，肉有点少。,1761408000,1761408000,1761455183,31,0,4,9221371056,0,,,亲爱的，收到了您的评价，未能给您带来最棒的体验，我们全体工作人员深感抱歉，我们会尽最大的努力把菜品做的更好，服务做的更佳。祝您生活愉快，期待您下一次的进店体验。
小湘厨木桶饭,匿名用户,0,5,#辣子鸡丁＋木桶饭#点了微辣，鸡丁怎么连咸味都没得，好歹调下味#小碗福利 | 酸辣土豆丝（限购一份）#这是辣的，还行#店家心意 | 荷包蛋（单点不送）#荷包蛋是最好吃的，不是那种预制蛋，是不规则的流心蛋。再点来试试。,1761148800,1761148800,1761191298,27,0,11,9211982678,0,,,亲爱的小主，非常感谢您的认可和评价，我们会努力越做越好!希望您能够持续和支持我们，为我们提出更多的建议和意见!
小湘厨木桶饭,abc没上班,189964819,5,#咸鱼茄子＋木桶饭# #王老吉# #咸鱼茄子＋木桶饭#,1760976000,1760976000,1761025656,9,0,11,9206823569,0,,,欢迎对我们不断的进行口碑传播。
小湘厨木桶饭,abc没上班,189964819,5,#外婆菜腊肉＋木桶饭# #王老吉# #外婆菜腊肉＋木桶饭#,1760976000,1760976000,1761025634,14,0,11,9206822693,0,,,一流的食材创造出一流的美味！无论天气多么恶劣、距离多么遥远，我们都会把热气腾腾的餐品送到您的手中，您的好评是对我们最大的鼓励！
小湘厨木桶饭,abc没上班,189964819,5,#冬菇滑鸡＋木桶饭#份量足，食材新鲜，很下饭,1760889600,1760889600,1760937510,17,0,11,9203974971,0,,,感谢亲对我们小店菜品的认可!我们把食物的美味与品质作为我们一直以来的追求，您的支持与认可一定会让我们走的更远!
小湘厨木桶饭,丈八二桃把营连诶,650076989,5,"#野山椒牛肉+蒜蓉青菜+1个米饭#青菜炒的很好吃
#店家心意 | 荷包蛋（单点不送）#荷包蛋有一点点油
",1760803200,1760803200,1760819423,21,0,4,9199978998,3,"http://p0.meituan.net/wmcomment/2840804368f10ea9f83ea414447f14ec1407516.jpg', 'http://p0.meituan.net/wmcomment/0baa28fe642f5649fde98cdfdd4775211352095.jpg', 'http://p0.meituan.net/wmcomment/55bfd65c960404f93d0cde22769568d31314247.jpg'",,亲爱的顾客，感谢您对我们店铺的评价与支持，当我们的用心烹饪的菜品得到您的肯定时，是我们最开心的时刻！期待您下次光临小店哦！
小湘厨木桶饭,bXb442249803,4140149961,5,很好吃 土豆稀朊 排骨软烂可口,1760716800,1760716800,1760762344,15,0,11,9197543226,1,http://p0.meituan.net/wmcomment/5a0f8afc2814d13617d0730f69a81804182118.jpg',,世界上有两句语言最浪漫动人，第一句是“我爱你”，第二句是“你们家的菜真好吃……”，客官你看这样好不好，以后你说第二句，然后我就说第一句。^.^
小湘厨木桶饭,匿名用户,0,5,很好吃#烟笋炒肉＋木桶饭# #小碗福利 | 麻婆豆腐（限购一份）#好香,1760716800,1760716800,1760766878,29,0,4,9197862141,3,"http://p0.meituan.net/wmcomment/63d405f06b9728980d9289d51dd9b7ed128573.jpg', 'http://p0.meituan.net/wmcomment/bf6be6695e125b80d559793121ebab99128523.jpg', 'http://p0.meituan.net/wmcomment/06932e7533a2abc8860f7fef064e6b89157951.jpg'",,感谢您对我们的支持！祝您每天都能拥有阳光股的好心情。服务不好的地方还希望亲多原谅。相信我们一直都在努力！
小湘厨木桶饭,OeG769410725,2741616273,5,太好吃了太好吃了太好吃了我的天啊我的天我的天我的,1760716800,1760716800,1760794911,43,0,11,9199417476,0,,,亲爱的小主，非常感谢您的认可和评价，我们会努力越做越好!希望您能够持续和支持我们，为我们提出更多的建议和意见!
小湘厨木桶饭,abc没上班,189964819,5,#【单人套餐】家常豆腐+米饭+果汁饮料# #【单人套餐】家常豆腐+米饭+果汁饮料# #王老吉#食材新鲜，味道鲜美值得推荐,1760457600,1760457600,1760530474,13,0,11,9190153321,0,,,看到亲的好评，小二心里暖暖的，这是小二听过*好听的话，记得随手收藏店铺，下次点餐不会迷路了哦~
小湘厨木桶饭,匿名用户,0,5,好好吃,1760457600,1760457600,1760507698,39,0,4,9189077277,0,,,您的一个好评，一句简单的满意或者不错，足以感动到我们内心澎湃！有您相伴，我们会做到更好哒。
小湘厨木桶饭,ict110181899,4650241328,5,终于成功拉上了，感谢,1760371200,1760371200,1760418562,30,0,11,9186124210,0,,,蟹蟹亲的好评，看到亲喜欢咱家的产品，小厮心里乐开了花，有空可以来店里吃顿，堂食比外卖更好吃哦
小湘厨木桶饭,ocz844103694,243378284,5,很好吃，经常买。,1760112000,1760112000,1760181951,41,0,4,9178305062,0,,,感谢您对小店的认可，祝您用餐愉快，我们会继续努力!用餐过程中如有任何问题，您可随时联系我们。我们会第一时间为您服务，谢谢!
小湘厨木桶饭,美时美刻在一起,48070832,4,按要求做了份量还行就是清淡了点。,1761235200,1761235200,1761278260,135,0,10,9214876821,1,http://p0.meituan.net/wmcomment/6beda38283dc4e1aab51b0f59e61b1b41418633.jpg',货品完好',感谢您对小店的认可，祝您用餐愉快，我们会继续努力!用餐过程中如有任何问题，您可随时联系我们。我们会第一时间为您服务，谢谢!
小湘厨木桶饭,阿墨,2279935974,5,#土豆片炒肉＋木桶饭#味道挺好吃的 想吃再来,1760112000,1760112000,1760168515,70,0,4,9177610490,0,,,感谢您对我们的支持！祝您每天都能拥有阳光股的好心情。服务不好的地方还希望亲多原谅。相信我们一直都在努力！
小湘厨木桶饭,匿名用户,0,1,味道不?行,1759852800,1759852800,1759895514,45,0,4,9168311826,1,http://p0.meituan.net/wmcomment/039768fcd1caf7045e01eff1dd860cf8137450.jpg',,亲爱的，收到了您的评价，未能给您带来最棒的体验，我们全体工作人员深感抱歉，我们会尽最大的努力把菜品做的更好，服务做的更佳。祝您生活愉快，期待您下一次的进店体验。
小湘厨木桶饭,这条小鱼很重要,1192724667,5,好吃 湖南人爱吃 周边最喜欢的一家了 得劲,1759852800,1759852800,1759916479,22,0,4,9169443297,1,http://p0.meituan.net/wmcomment/a2ec780791cc2247e2830bbaed05b8e189108.jpg',,亲爱的小主，非常感谢您的认可和评价，我们会努力越做越好!希望您能够持续和支持我们，为我们提出更多的建议和意见!
小湘厨木桶饭,abc没上班,189964819,5,#烟笋炒肉＋木桶饭# #店家心意 | 荷包蛋（单点不送）#,1759766400,1759766400,1759844415,12,0,11,9167279125,0,,,感谢您的肯定与支持！您每一次的用餐，我们都竭尽所能，我们希望把最好用餐体验带给您，用心做品质我们一直在路上！
小湘厨木桶饭,abc没上班,189964819,5,#土豆片排骨＋木桶饭# #王老吉# #土豆片排骨＋木桶饭#,1759766400,1759766400,1759844386,12,0,11,9167277797,0,,,亲爱的小主，非常感谢您的认可和评价，我们会努力越做越好!希望您能够持续和支持我们，为我们提出更多的建议和意见!
小湘厨木桶饭,FwU327643828,891912174,3,一个卖家秀，一个买家秀，感觉区别还是挺大的,1759680000,1759680000,1759754906,40,0,4,9164370349,2,"http://p0.meituan.net/wmcomment/483aa7532113bb5399896e9d6bd837bc605931.jpg', 'http://p0.meituan.net/wmcomment/69b616fcd3645cca9871c426e976dc172459456.jpg'",,亲爱的，收到了您的评价，未能给您带来最棒的体验，我们全体工作人员深感抱歉，我们会尽最大的努力把菜品做的更好，服务做的更佳。祝您生活愉快，期待您下一次的进店体验。
小湘厨木桶饭,abc没上班,189964819,5,#【单人套餐】酸辣鸡杂+米饭＋可乐# #【单人套餐】酸辣鸡杂+米饭＋可乐#,1759593600,1759593600,1759637378,19,0,11,9160126185,0,,,感谢您对我们的支持！祝您每天都能拥有阳光股的好心情。服务不好的地方还希望亲多原谅。相信我们一直都在努力！
小湘厨木桶饭,匿名用户,0,2,分量太少了，狗看了都觉得可怜,1762185600,1762185600,1762229015,52,0,10,9247647836,0,,,亲爱的，收到了您的评价，未能给您带来最棒的体验，我们全体工作人员深感抱歉，我们会尽最大的努力把菜品做的更好，服务做的更佳。祝您生活愉快，期待您下一次的进店体验。
小湘厨木桶饭,国服小鲁班Ko,2446653529,5,#经典.麻婆豆腐（不包含米饭）# #经典.麻婆豆腐（不包含米饭）# #经典.麻婆豆腐（不包含米饭）#,1759420800,1759420800,1759467838,14,0,11,9154765404,0,,态度不好',感谢您对我们的支持，在亲的鼓励与支持下我们会做得更加努力！欢迎亲的下次光临。
小湘厨木桶饭,abc没上班,189964819,5,#酸菜卤肉＋木桶饭#很下饭#店家心意 | 荷包蛋（单点不送）#,1759420800,1759420800,1759467702,25,0,11,9154756788,0,,,感谢宝宝的好评，这么多的美誉，小堡实在收受不起。尽管这都是事实，但我们做人的原则就是~低调低调~
小湘厨木桶饭,abc没上班,189964819,5,#烟笋炒肉＋木桶饭#,1759248000,1759248000,1759320088,18,0,11,9150378794,0,,,自从收到亲的好评，头也不疼了，眼也不花了，又能继续干活了！谢谢亲的支持！
小湘厨木桶饭,abc没上班,189964819,5,#冬菇滑鸡＋木桶饭#,1759248000,1759248000,1759320021,13,0,11,9150375033,0,,,世界上有许多种遇见，*美好的，莫过于，在我*美的时光里与你相遇。感谢您对本店的支持~
小湘厨木桶饭,abc没上班,189964819,5,#咸鱼茄子＋木桶饭#,1759248000,1759248000,1759320069,20,0,11,9150377772,0,,,感谢您的肯定与支持！您每一次的用餐，我们都竭尽所能，我们希望把最好用餐体验带给您，用心做品质我们一直在路上！
小湘厨木桶饭,匿名用户,0,5,,1759075200,1759075200,1759117818,25,0,4,9143171380,1,http://p0.meituan.net/wmcomment/8645c5736c99cdb00f86a12affd0b1b0191579.jpg',"货品完好', '穿戴工服', '快速准时', '风雨无阻', '仪表整洁', '礼貌热情'",世界上有两句语言最浪漫动人，第一句是“我爱你”，第二句是“你们家的菜真好吃……”，客官你看这样好不好，以后你说第二句，然后我就说第一句。^.^
小湘厨木桶饭,LXJ2242,476151481,3,做不到辣和不辣的区分，建议还是不要标不辣的口味，锅和炒菜的铲子洗不干净的话或者不能区分开来的话，不加辣椒的菜，炒出来还是辣的！浪费人力还浪费食物，唉,1759075200,1759075200,1759141795,34,0,4,9144366328,0,,,亲爱的，收到了您的评价，未能给您带来最棒的体验，我们全体工作人员深感抱歉，我们会尽最大的努力把菜品做的更好，服务做的更佳。祝您生活愉快，期待您下一次的进店体验。
小湘厨木桶饭,匿名用户,0,2,#【老板推荐】野山椒牛肉＋木桶饭#我一般都懒得搞评价的，这个实在是太难吃了，吃过最难吃的小炒黄牛肉，本来超爱吃的，期望值大大落空，我一个川渝人口味够重了，我都觉得咸的要死，牛肉也很老，也没几片肉，都是辣椒??????太难受了，每吃一口感觉就像盐罐子打翻了一样,1758988800,1758988800,1759033034,32,0,4,9140413558,1,http://p0.meituan.net/wmcomment/79bb9911507a3cb6980581cc19a2160e662230.jpg',,亲爱的，收到了您的评价，未能给您带来最棒的体验，我们全体工作人员深感抱歉，我们会尽最大的努力把菜品做的更好，服务做的更佳。祝您生活愉快，期待您下一次的进店体验。
小湘厨木桶饭,哥只是传说tlb,3665577497,5,好,1758816000,1758816000,1758850028,11,0,11,9133692089,0,,,自从收到亲的好评，头也不疼了，眼也不花了，又能继续干活了！谢谢亲的支持！
小湘厨木桶饭,匿名用户,0,1,点了小炒肉 没几片肉全是辣椒,1758816000,1758816000,1758858968,44,0,4,9134087988,1,http://p0.meituan.net/wmcomment/8915313a0695da49c4cbb3e0a1ebeaed180856.jpg',,亲爱的，收到了您的评价，未能给您带来最棒的体验，我们全体工作人员深感抱歉，我们会尽最大的努力把菜品做的更好，服务做的更佳。祝您生活愉快，期待您下一次的进店体验。
小湘厨木桶饭,匿名用户,0,1,怎么是辣的,1758643200,1758643200,1758716750,26,0,4,9129928258,2,"http://p0.meituan.net/wmcomment/c25dea2ec4b4c8b73b989a1d5611e2b7154387.jpg', 'http://p0.meituan.net/wmcomment/0a66a95dfe66084a29600024c601f894155250.jpg'",,亲爱的，收到了您的评价，未能给您带来最棒的体验，我们全体工作人员深感抱歉，我们会尽最大的努力把菜品做的更好，服务做的更佳。祝您生活愉快，期待您下一次的进店体验。
小湘厨木桶饭,匿名用户,0,1,#西红柿鸡蛋＋木桶饭#难吃 一股味道 感觉西红柿是坏的,1758643200,1758643200,1758710974,24,0,10,9129589136,1,http://p0.meituan.net/wmcomment/f6ee4ec35dea45399d196176bba6842e148204.jpg',,亲爱的，收到了您的评价，未能给您带来最棒的体验，我们全体工作人员深感抱歉，我们会尽最大的努力把菜品做的更好，服务做的更佳。祝您生活愉快，期待您下一次的进店体验。
小湘厨木桶饭,匿名用户,0,1,菜里都是辣椒基本上没菜全是辣椒不建议购买,1758470400,1758470400,1758515971,40,0,10,9123022338,0,,,亲爱的，收到了您的评价，未能给您带来最棒的体验，我们全体工作人员深感抱歉，我们会尽最大的努力把菜品做的更好，服务做的更佳。祝您生活愉快，期待您下一次的进店体验。
小湘厨木桶饭,匿名用户,0,3,肉稍微有点少，图2几乎是翻出来所有肉了，不知道是不是我这单实付款比较少的原因,1758384000,1758384000,1758428804,50,0,4,9119732461,2,"http://p0.meituan.net/wmcomment/7abb6ddc7b8ad5d03bc9fe06e6eccffd1191187.jpg', 'http://p0.meituan.net/wmcomment/c7a8ba89d5391f31d2f7c3e24c9e8b601253033.jpg'",,亲爱的，收到了您的评价，未能给您带来最棒的体验，我们全体工作人员深感抱歉，我们会尽最大的努力把菜品做的更好，服务做的更佳。祝您生活愉快，期待您下一次的进店体验。
小湘厨木桶饭,Note1986,373966114,5,好吃，超级好吃 全部吃光光,1758211200,1758211200,1758256739,52,0,4,9113291895,0,,"快速准时', '仪表整洁', '穿戴工服', '礼貌热情', '货品完好', '风雨无阻'",我们的追求不仅仅是让您吃饱，让您吃的健康和舒心才是我们的最大目标。您的每一个肯定都是对我们小店前进的大大的动力!
小湘厨木桶饭,fVo899383137,5150296507,5,味道很好，现在二次下单,1757952000,1757952000,1757996143,26,0,4,9104080963,0,,,感谢亲的好评，能让您吃的愉快是我们最大的骄傲，下次饿了还找我！爱吃还给您做，还是这个味儿！
小湘厨木桶饭,匿名用户,0,1,豆子巨老 一点也不新鲜好难吃 麻婆豆腐也很难吃一股洗洁精味 要吐了#毛豆炒肉＋木桶饭# #小碗福利 | 酸辣土豆丝（限购一份）# #小碗福利 | 麻婆豆腐（限购一份）#,1757779200,1757779200,1757825215,47,0,10,9098012800,0,,,亲爱的，收到了您的评价，未能给您带来最棒的体验，我们全体工作人员深感抱歉，我们会尽最大的努力把菜品做的更好，服务做的更佳。祝您生活愉快，期待您下一次的进店体验。
小湘厨木桶饭,匿名用户,0,5,,1757779200,1757779200,1757840315,41,0,4,9098869397,1,http://p0.meituan.net/wmcomment/dcca7d9953afb48d5b59eaa56f47d8ef122425.jpg',,风吹起如花般破碎的流年，而你的笑容摇晃摇晃，成为我命途中*美的点缀，我们在等您的一个转身和小店相遇，温暖知己。感谢您对本店的支持。
小湘厨木桶饭,XnM929675872,300899168,5,整体味道不错，挺好吃的，价格实惠。,1757779200,1757779200,1757824938,32,0,4,9097988067,1,http://p0.meituan.net/wmcomment/756f108333102e51dfca1b91857b992b546920.jpg',"货品完好', '仪表整洁', '穿戴工服'",都说前世一百次的回眸才能换回今生的一次擦肩而过，那前世至少得五百次回眸才换的来客官您的一次好评啊！为了这五百多次回眸，您以后可得多多光临咱们小店呢。
小湘厨木桶饭,CRk176632995,3046931485,5,味道很棒，,1757692800,1757692800,1757764552,44,0,4,9096143916,0,,,人生最幸福的事，莫过于有一群懂你的食客，你的鼓励就是我们店铺继续努力的动力，继续鼓励不要停哦！
小湘厨木桶饭,吃不胖的小茉莉,32680184,5,喜欢吃火腿炒蛋，好吃，喜欢吃，回购多次了！！！！！,1757692800,1757692800,1757777452,18,0,4,9096818093,1,http://p0.meituan.net/wmcomment/0a6b52f86fd51a4ac23200c9e987b0011023748.jpg',,感谢亲的好评，能让您吃的愉快是我们最大的骄傲，下次饿了还找我！爱吃还给您做，还是这个味儿！
小湘厨木桶饭,Huw732078993,144206447,5,茄子太好吃了,1757520000,1757520000,1757564414,17,0,11,9088145120,0,,,感谢亲的光临，亲的满意，就是我们*大的欣慰、*大的回报，小店会更加努力做好！
小湘厨木桶饭,哥只是传说tlb,3665577497,5,几乎每天都来这家吃 食材新鲜  现炒的菜很新鲜 吃的也放心  老板也会细心看备注  想不到吃什么的时候就直接来这家  很安心 祝老板生意兴隆,1757433600,1757433600,1757498352,34,0,11,9086079547,1,http://p0.meituan.net/wmcomment/cdfb21f8cddebd17d0208d88620cf1d0227112.jpg',,蟹蟹小可爱的五星好评哟！每天忙完最开心的事情就是看到小主你的5星好评！要常来哦亲亲！祝您开森～
小湘厨木桶饭,kou448767958,3608925188,5,好吃，五星好评！,1757433600,1757433600,1757478237,35,0,11,9085081309,1,http://p0.meituan.net/wmcomment/f6e8c84a14254fd06c5a91fe9ea48468996811.jpg',,世界上有许多种遇见，*美好的，莫过于，在我*美的时光里与你相遇。感谢您对本店的支持~
小湘厨木桶饭,Aya547478281,975652941,5,#【特色味道】香干腊肉＋木桶饭#好吃,1757433600,1757433600,1757472343,77,0,4,9084629412,0,,,亲爱的顾客，感谢您对我们店铺的评价与支持，当我们的用心烹饪的菜品得到您的肯定时，是我们最开心的时刻!期待您下次光临小店哦!
小湘厨木桶饭,Huw732078993,144206447,5,推荐西红柿炒鸡蛋太好吃了,1757174400,1757174400,1757219883,15,0,11,9075815705,0,,,自从收到亲的好评，头也不疼了，眼也不花了，又能继续干活了！谢谢亲的支持！
小湘厨木桶饭,qgh533269228,1375441539,5,味道OK,1757088000,1757088000,1757147132,28,0,4,9073213038,0,,,哇塞，大早上的看到亲的好评，心情瞬间变好，收到顾客的喜欢，感觉付出得到了回报，瞬间抚平了那些恶意差评带来的难受，我们会更加努力的~
小湘厨木桶饭,Huw732078993,144206447,5,推荐西红柿炒鸡蛋太好吃了,1757001600,1757001600,1757045259,25,0,11,9069092659,0,,,很多时候我们想要的只是一个肯定的眼神和一颗理解的心，而通过网络沟通的我们，您的一个好评，一句简单的满意或者很好，我们都会感动到内心澎湃！
小湘厨木桶饭,qja431012202,259370530,3,#【招牌特色】农家一碗香＋木桶饭#和预制菜没差别,1757001600,1757001600,1757075247,52,0,4,9070788620,0,,,亲爱的，收到了您的评价，未能给您带来最棒的体验，我们全体工作人员深感抱歉，我们会尽最大的努力把菜品做的更好，服务做的更佳。祝您生活愉快，期待您下一次的进店体验。
小湘厨木桶饭,Huw732078993,144206447,5,推荐西红柿炒鸡蛋太好吃了,1756742400,1756742400,1756783961,21,0,11,9060181767,0,,,哇塞，大早上的看到亲的好评，心情瞬间变好，收到顾客的喜欢，感觉付出得到了回报，瞬间抚平了那些恶意差评带来的难受，我们会更加努力的~
小湘厨木桶饭,yER246633491,3911426661,5,第一次点，味道意外的好，分量也很足，性价比超级高，现炒非常香,1756483200,1756483200,1756551007,28,0,4,9052437428,1,http://p0.meituan.net/wmcomment/43f8601dd5ca80e28cd86283a10e7d1d861998.jpg',,感谢亲的好评!记得顺手点击“店铺收藏”，下次点餐就不会再迷路了哦!
小湘厨木桶饭,匿名用户,0,5,#【招牌特色】农家一碗香＋木桶饭#好吃，干净又卫生,1756483200,1756483200,1756551845,29,0,11,9052495714,1,http://p0.meituan.net/wmcomment/b2274caf5d3f5bedf617fba9f45a4ceb1394135.jpg',,感谢您的肯定与支持！您每一次的用餐，我们都竭尽所能，我们希望把最好用餐体验带给您，用心做品质我们一直在路上！
小湘厨木桶饭,tzR113385501,1630251934,5,#【单人套餐】啤酒鸭+米饭＋可乐# 哇塞太好吃了 明天还点,1756483200,1756483200,1756550498,73,0,4,9052402521,1,http://p0.meituan.net/wmcomment/ff49b7d37924258f57e9efd6c4ca18bb236127.jpg',,感谢亲的好评，能让您吃的愉快是我们最大的骄傲，下次饿了还找我！爱吃还给您做，还是这个味儿！
小湘厨木桶饭,匿名用户,0,1,包装能不能包好点全撒了。多不想吃的,1756310400,1756310400,1756353507,27,0,10,9043866030,2,"http://p0.meituan.net/wmcomment/959c4235cf5a4920deb5f735320c31a0140341.jpg', 'http://p0.meituan.net/wmcomment/89d51ee3eb21bb9ca930f55b14a479c9107553.jpg'","送错餐品', '少餐/洒餐'",亲爱的，收到了您的评价，未能给您带来最棒的体验，我们全体工作人员深感抱歉，我们会尽最大的努力把菜品做的更好，服务做的更佳。祝您生活愉快，期待您下一次的进店体验。
小湘厨木桶饭,匿名用户,0,1,漏汤,1756310400,1756310400,1756353416,21,0,10,9043858089,1,http://p0.meituan.net/wmcomment/c73f629343a892ecae8a64bfdf6df76f631603.jpg',少餐/洒餐',亲爱的，收到了您的评价，未能给您带来最棒的体验，我们全体工作人员深感抱歉，我们会尽最大的努力把菜品做的更好，服务做的更佳。祝您生活愉快，期待您下一次的进店体验。
小湘厨木桶饭,匿名用户,0,4,味道确实还不错，包装差了点,1756224000,1756224000,1756270478,43,0,4,9040886119,0,,,感谢亲的光临，亲的满意，就是我们*大的欣慰、*大的回报，小店会更加努力做好！
小湘厨木桶饭,匿名用户,0,5,量有点少，但是很好吃,1756137600,1756137600,1756185198,13,0,4,9037730536,0,,"穿戴工服', '快速准时', '货品完好', '礼貌热情', '仪表整洁', '风雨无阻'",亲，非常感谢您对我们产品的支持与喜爱!我们近期还推出了一些新品，期待您下次的尝试，祝您生活愉快!
小湘厨木桶饭,匿名用户,0,2,肉好少全是辣椒,1756051200,1756051200,1756123228,47,0,4,9035829452,1,http://p0.meituan.net/wmcomment/90917659ed4475fe7e7a3e3106e822d3951109.jpg',,亲爱的，收到了您的评价，未能给您带来最棒的体验，我们全体工作人员深感抱歉，我们会尽最大的努力把菜品做的更好，服务做的更佳。祝您生活愉快，期待您下一次的进店体验。
小湘厨木桶饭,OvV624187166,4005197903,5,好好好,1755878400,1755878400,1755900167,16,0,4,9026961936,0,,"快速准时', '货品完好'",棒棒的顾客！感谢您对我们的支持，祝您度过愉快的一天！我们会不断提升自己，期待下一次的相遇！
小湘厨木桶饭,Xdr991385238,2288779597,5,这家味道很不错，分量也很足，我一直都点这家的,1755792000,1755792000,1755831794,20,0,4,9023972084,0,,,感谢亲对我们小店菜品的认可!我们把食物的美味与品质作为我们一直以来的追求，您的支持与认可一定会让我们走的更远!
小湘厨木桶饭,匿名用户,0,4,还可以,1755705600,1755705600,1755748513,13,0,4,9020771399,0,,,风吹起如花般破碎的流年，而你的笑容摇晃摇晃，成为我命途中*美的点缀，我们在等您的一个转身和小店相遇，温暖知己。感谢您对本店的支持。
小湘厨木桶饭,ALd416066762,103962080,3,那么精细的一道菜，买家秀和买家秀，真的就云泥之别，最重要的是，笋根本不是小笋。,1755705600,1755705600,1755750336,16,0,4,9020956765,2,"http://p0.meituan.net/wmcomment/f30c6ff78e469b6df0266b712441354a217764.jpg', 'http://p0.meituan.net/wmcomment/56815b865e278f03d5ecc9e82de06899207991.jpg'",,亲爱的，收到了您的评价，未能给您带来最棒的体验，我们全体工作人员深感抱歉，我们会尽最大的努力把菜品做的更好，服务做的更佳。祝您生活愉快，期待您下一次的进店体验。
小湘厨木桶饭,Huw732078993,144206447,5,推荐西红柿炒鸡蛋太好吃了,1755446400,1755446400,1755490683,33,0,11,9010575914,0,,,谢谢亲，我们的质量和服务一直都不会让亲失望的，非常感谢！
小湘厨木桶饭,匿名用户,0,1,米饭分量太少了，菜的味道一般，看着就没什么食欲,1755446400,1755446400,1755494909,28,0,10,9010930550,0,,,亲爱的，收到了您的评价，未能给您带来最棒的体验，我们全体工作人员深感抱歉，我们会尽最大的努力把菜品做的更好，服务做的更佳。祝您生活愉快，期待您下一次的进店体验。
小湘厨木桶饭,Huw732078993,144206447,5,"鸡蛋炒西红柿值得推荐太好吃了
",1755273600,1755273600,1755313919,12,0,11,9003271737,0,,,你爱吃辣，而我做菜无辣不欢，你说我们是不是天生一对？
小湘厨木桶饭,Huw732078993,144206447,5,推荐苦瓜炒牛肉,1755100800,1755100800,1755167703,39,0,11,8997832855,0,,,很多时候我们想要的只是一个肯定的眼神和一颗理解的心，而通过网络沟通的我们，您的一个好评，一句简单的满意或者很好，我们都会感动到内心澎湃！
小湘厨木桶饭,Huw732078993,144206447,5,西红柿炒鸡蛋太好吃了值得推荐,1755100800,1755100800,1755142954,42,0,11,8996224749,0,,,感谢亲的好评，能让您吃的愉快是我们最大的骄傲，下次饿了还找我！爱吃还给您做，还是这个味儿！
小湘厨木桶饭,浩南哥ms,1056357209,5,很好吃,1755100800,1755100800,1755146678,40,0,4,8996595418,0,,,我们的追求不仅仅是让您吃饱，让您吃的健康和舒心才是我们的最大目标。您的每一个肯定都是对我们小店前进的大大的动力!
小湘厨木桶饭,EiZ987664191,1050808829,1,点了个野山椒牛肉 里面没有什么牛肉全是辣椒,1755100800,1755100800,1755142637,32,0,10,8996198836,0,,快速准时',亲爱的，收到了您的评价，未能给您带来最棒的体验，我们全体工作人员深感抱歉，我们会尽最大的努力把菜品做的更好，服务做的更佳。祝您生活愉快，期待您下一次的进店体验。
小湘厨木桶饭,Huw732078993,144206447,5,西红柿炒鸡蛋值得推荐太好吃了,1754928000,1754928000,1754994865,26,0,11,8990676916,0,,,欢迎对我们不断的进行口碑传播。
小湘厨木桶饭,Huw732078993,144206447,5,"西红柿炒鸡蛋太好吃了值得推荐
",1754841600,1754841600,1754886845,35,0,11,8986063077,0,,,人生最幸福的事，莫过于有一群懂你的食客，你的鼓励就是我们店铺继续努力的动力，继续鼓励不要停哦！
小湘厨木桶饭,Pum578407311,4319845516,3,比较咸  然后米饭很干还是冷的,1754582400,1754582400,1754585813,49,0,10,8974644035,0,,"礼貌热情', '快速准时', '仪表整洁', '货品完好', '风雨无阻', '穿戴工服'",亲爱的，收到了您的评价，未能给您带来最棒的体验，我们全体工作人员深感抱歉，我们会尽最大的努力把菜品做的更好，服务做的更佳。祝您生活愉快，期待您下一次的进店体验。
小湘厨木桶饭,CJr309475935,5254236054,5,很香,1753804800,1753804800,1753838452,20,0,11,8942783783,0,,,感谢您的肯定与支持！您每一次的用餐，我们都竭尽所能，我们希望把最好用餐体验带给您，用心做品质我们一直在路上！
小湘厨木桶饭,CJr309475935,5254236054,5,很下饭，味道非常好,1753718400,1753718400,1753767505,29,0,11,8940291640,0,,,看到亲的好评，小二心里暖暖的，这是小二听过*好听的话，记得随手收藏店铺，下次点餐不会迷路了哦~
小湘厨木桶饭,CJr309475935,5254236054,5,味道非常好，很下饭#【单人套餐】外婆菜炒蛋+米饭（保本冲销量）#,1753632000,1753632000,1753662206,18,0,11,8935747304,0,,,感谢您对我们的肯定，感觉自己的努力找到了方向，感谢亲给我们动力，今后会给亲们提供更好更优越的服务。
小湘厨木桶饭,CJr309475935,5254236054,5,很好吃#【单人套餐】油豆腐炒肉+米饭+饮料（亏本冲销量）#,1753459200,1753459200,1753529993,31,0,11,8930917667,0,,,您的一个好评，一句简单的满意或者不错，足以感动到我们内心澎湃！有您相伴，我们会做到更好哒。
小湘厨木桶饭,CJr309475935,5254236054,5,味道非常好,1753459200,1753459200,1753529962,26,0,11,8930915263,0,,,您的一个好评，一句简单的满意或者不错，足以感动到我们内心澎湃！有您相伴，我们会做到更好哒。
小湘厨木桶饭,三水良,1000684369,2,分量变得好少！！！！,1753372800,1753372800,1753418137,31,0,4,8925698568,1,http://p0.meituan.net/wmcomment/29db9786dc0989019e7d18d1a2f994ac200986.jpg',,亲爱的，收到了您的评价，未能给您带来最棒的体验，我们全体工作人员深感抱歉，我们会尽最大的努力把菜品做的更好，服务做的更佳。祝您生活愉快，期待您下一次的进店体验。
小湘厨木桶饭,啊靓～,909973160,3,虽然我点的是特辣，但也用不着全是辣椒吧！肉和蛋都看不到了??,1752940800,1752940800,1752987789,53,0,4,8908114588,0,,,亲爱的，收到了您的评价，未能给您带来最棒的体验，我们全体工作人员深感抱歉，我们会尽最大的努力把菜品做的更好，服务做的更佳。祝您生活愉快，期待您下一次的进店体验。
小湘厨木桶饭,匿名用户,0,1,少餐，老板态度太恶劣了，味道也很差，简直太垃圾了，后悔点这家外卖了,1752940800,1752940800,1753014321,23,0,10,8909932613,0,,送达不通知',亲爱的，收到了您的评价，未能给您带来最棒的体验，我们全体工作人员深感抱歉，我们会尽最大的努力把菜品做的更好，服务做的更佳。祝您生活愉快，期待您下一次的进店体验。
小湘厨木桶饭,啵啵博zzz,1222381140,5,好吃好吃,1752768000,1752768000,1752813888,36,0,4,8900115101,0,,,您的一个好评，一句简单的满意或者不错，足以感动到我们内心澎湃！有您相伴，我们会做到更好哒。
小湘厨木桶饭,iLd843769169,3590525685,5,好吃,1751731200,1751731200,1751769849,35,0,11,8852649910,1,http://p0.meituan.net/wmcomment/310ee953981e454a1431970934ac9af1171874.jpg',,亲爱的顾客，感谢您对我们店铺的评价与支持，当我们的用心烹饪的菜品得到您的肯定时，是我们最开心的时刻！期待您下次光临小店哦！
小湘厨木桶饭,gTn107604868,2250533642,5,好吃,1751558400,1751558400,1751603027,56,0,11,8844907790,0,,,一份坚守，一份努力，一份承诺，一份收获。我们最大的收获是能得到您的支持与肯定，期待与您的再次相遇。
小湘厨木桶饭,匿名用户,0,5,#【单人套餐】油豆腐炒肉+米饭+饮料（亏本冲销量）# #小碗福利 | 麻婆豆腐（限购一份）# #王老吉# #收藏0元购 | 随机饮料#分量很好，好吃美味,1751558400,1751558400,1751602640,48,0,4,8844869177,3,"http://p0.meituan.net/wmcomment/eb21b558ec0b61e799d56c2921985f54339626.jpg', 'http://p0.meituan.net/wmcomment/9dada0c62e4658a783f7b13c87d6b162326915.jpg', 'http://p0.meituan.net/wmcomment/e17a48e0367b3c655687cd1bb03dffe993799.jpg'",,感谢宝宝的好评，这么多的美誉，小堡实在收受不起。尽管这都是事实，但我们做人的原则就是~低调低调~
小湘厨木桶饭,jbF181511385,2940926055,5,这家店的外卖是我的最爱之一，商家的厨艺和服务都无可挑剔。,1751558400,1751558400,1751603780,46,0,4,8844981355,2,"http://p0.meituan.net/wmcomment/cc3c7a4cd815e070238251966c872c1d1276523.jpg', 'http://p0.meituan.net/wmcomment/399b7875c4fb9356a8b932516795c4a01153522.jpg'",,欢迎对我们不断的进行口碑传播。
小湘厨木桶饭,jQu512472877,950431499,5,#【特色味道】香干腊肉＋木桶饭#好吃好吃，建议大家都试试。,1751472000,1751472000,1751523406,37,0,11,8842045644,0,,,您的一个好评，一句简单的满意或者不错，足以感动到我们内心澎湃！有您相伴，我们会做到更好哒。
小湘厨木桶饭,Jhr350762140,5061330471,5,非常不错 下次还会点这家店铺的！！！,1751472000,1751472000,1751520852,25,0,4,8841903592,1,http://p0.meituan.net/wmcomment/9dc7f94267df521639bac3423be85e6b1044713.jpg',,感谢亲对我们小店菜品的认可!我们把食物的美味与品质作为我们一直以来的追求，您的支持与认可一定会让我们走的更远!
小湘厨木桶饭,木的杨啊,806197623,5,#辣子鸡丁＋木桶饭#好吃量大，味道很棒，推荐推荐,1751472000,1751472000,1751553888,129,0,11,8843738272,1,http://p0.meituan.net/wmcomment/fda1d193cce4fdc0463a3380f2d1112e1037611.jpg',"快速准时', '仪表整洁', '穿戴工服', '风雨无阻'",哇，感谢亲亲的用心好评！能得到亲亲的称赞是小店的荣幸哦，小店会越做越好，期待亲亲的下次，下下次，下下次光临……我就在这等着亲亲哦！
小湘厨木桶饭,匿名用户,0,5,#毛豆炒肉＋木桶饭#味道不错，分量也很足，很下饭，吃的很饱。,1751472000,1751472000,1751540674,49,0,4,8842942431,2,"http://p0.meituan.net/wmcomment/a67aae4a3077a05b145e4f22e0fc118a902207.jpg', 'http://p0.meituan.net/wmcomment/b589d3adc633244fb86f9f9c9807ca41861722.jpg'",,棒棒的顾客！感谢您对我们的支持，祝您度过愉快的一天！我们会不断提升自己，期待下一次的相遇！
小湘厨木桶饭,匿名用户,0,2,味道不咋滴,1751126400,1751126400,1751183163,46,0,10,8828745589,0,,少餐/洒餐',您好，感谢您的反馈，我们非常重视您的意见。对于菜品口味未能达到期望，我们深感歉意。请您接受我们最诚挚的道歉。我们一直在努力提升菜品质量，希望未来有机会能为您带来更满意的体验。如果您愿意，欢迎您提供更详细的建议，帮助我们改进。再次为给您带来的不愉快体验表示歉意。
小湘厨木桶饭,匿名用户,0,3,换厨师了吗,1751126400,1751126400,1751159940,40,0,10,8827300768,0,,,非常抱歉，我们近期对团队进行了调整。对于您遇到的问题，我们深感歉意。我们一直在努力提升服务质量，对于这次让您失望的经历，深感遗憾。请您给我们再次机会服务您，我们会做得更好。感谢您的反馈，它对我们非常重要。
小湘厨木桶饭,匿名用户,0,2,我的天，一共就两托牛肉，你能不能用点心，稍等切一下，这么大两托，你让我怎么吃啊，差评,1750608000,1750608000,1750663641,36,0,10,8808830770,1,http://p0.meituan.net/wmcomment/c08e9a0e00729eaec7f5eb12ecfc7752707858.jpg',,真的很遗憾这次没有达到您的期望。对于您所收到的分量和满意度问题，我们深感歉意。我们承诺会立即改进并确保提供更好的服务和产品。感谢您的宝贵反馈，希望有机会能以更好的表现重新赢得您的满意。
小湘厨木桶饭,gtc141420921,3623151002,5,好吃,1750089600,1750089600,1750131871,176,0,4,8787871059,0,,,很高兴您喜欢我们的美食！感谢您的支持与肯定，我们会继续努力保持或超越您的期待。
小湘厨木桶饭,匿名用户,0,1,"好难吃，踩雷了
",1750089600,1750089600,1750133462,64,0,10,8788014680,0,,,真的很遗憾您对我们的菜品不满意，我们一直致力于提供美味的食物给每一位顾客。请您告诉我们具体是哪一道菜让您感到不满足，我们会及时反馈给厨房团队，努力改进。同时，感谢您提出的宝贵意见，我们会认真听取并加以改进，以提供更好的服务和美食给您。希望有机会能以更好的体验来弥补这次的不愉快。
小湘厨木桶饭,喜欢728歌,2247012466,5,#【爆款主打】四季豆炒肉＋木桶饭#很不错 好吃好吃 可以点这个吃,1749484800,1749484800,1749563433,32,0,4,8767057726,0,,"风雨无阻', '礼貌热情', '仪表整洁', '货品完好', '快速准时'",感谢您的好评！很高兴您喜欢我们的四季豆炒肉+木桶饭，我们会继续努力保持口味。期待您的下次光临！
小湘厨木桶饭,西米,276804589,5,每次点这家的外卖都能感受到商家的用心，食材选得好，烹饪手法也恰到好处，味道让人回味无穷。强烈推荐！,1748707200,1748707200,1748736956,33,0,4,8736460614,0,,,感谢您对我们的肯定与支持！我们会继续努力，提供更优质的服务和美食。期待您的下次光临！
小湘厨木桶饭,匿名用户,0,1,油豆腐没吃到，但是西红柿炒鸡蛋不好吃，太酸了,1748275200,1748275200,1748340016,31,0,4,8722703669,0,,送错餐品',亲，骑手把其它平台的半取给你看，你直接联系客服。
小湘厨木桶饭,匿名用户,0,1,这也太少了，这么黑，大家还是要多看看评论点外卖,1748275200,1748275200,1748348149,28,0,4,8723233941,1,http://p0.meituan.net/wmcomment/aefdd069e7688d305c9a14a405213e77860925.jpg',,给您带来不愉快的用餐体验，小店深感抱歉，祝您生活愉快，工作顺利
小湘厨木桶饭,zva468483275,4290707314,5,#【特色味道】香干腊肉＋木桶饭#很香很下饭，味道很棒的。这个木桶饭性价比很高和在店里吃差不多 。值得推荐！！！,1748016000,1748016000,1748084021,36,0,11,8713400953,3,"http://p0.meituan.net/wmcomment/492c708f24142aa1a8a14134320e864e923485.jpg', 'http://p0.meituan.net/wmcomment/31b8b17c27bb560ca7260aa585ead3ec982569.jpg', 'http://p0.meituan.net/wmcomment/a6d7c18abdb043157b6416fe363e385b878223.jpg'",,太高兴您喜欢我们的香干腊肉和木桶饭了！感谢您的五星好评与推荐，我们会继续努力保持高水准。期待您的下次光临！
小湘厨木桶饭,GoesBeyond丶,657529967,5,这家店的外卖性价比超高，既能满足味蕾，又不会让钱包瘪瘪。商家太懂消费者了！,1748016000,1748016000,1748063988,39,0,11,8712288496,3,"http://p0.meituan.net/wmcomment/520dbc045500dbba82ffa461bf78540c951703.jpg', 'http://p0.meituan.net/wmcomment/1d288fe320b81405a2df37e52d7f38b01050714.jpg', 'http://p0.meituan.net/wmcomment/a4ed370d8d2845a44c5a8878d66f30f1990545.jpg'","穿戴工服', '风雨无阻', '快速准时', '礼貌热情', '货品完好', '仪表整洁'",
小湘厨木桶饭,tqu274788403,1717920716,5,#外婆菜回锅肉＋木桶饭# #小碗福利 | 麻婆豆腐（限购一份）#好吃的 份量足,1748016000,1748016000,1748063193,26,0,4,8712227536,1,http://p0.meituan.net/wmcomment/df9a6efa181d63f6ff603d720ce55e0e212630.jpg',,
小湘厨木桶饭,憨憨纠结的,145640197,5,#野山椒牛肉+蒜蓉青菜+1个米饭#商品收到，非常满意！卖家非常耐心，解答问题细致，货物包装严谨，发货迅速，值得信赖。,1748016000,1748016000,1748062838,38,0,4,8712198387,3,"http://p0.meituan.net/wmcomment/070a4b369e316263a7ea06ad96b906a3929868.jpg', 'http://p0.meituan.net/wmcomment/0e10315bfbd607b3a7834964d1c4cf4e973852.jpg', 'http://p0.meituan.net/wmcomment/6b5d02e5488ce4e48859a64fd9a10775831040.jpg'",,
小湘厨木桶饭,HHV908342899,285154983,5,#野山椒牛肉+蒜蓉青菜+1个米饭#分量很足，味道也不错，主要是看着食欲都好了,1748016000,1748016000,1748066195,20,0,4,8712435540,2,"http://p0.meituan.net/wmcomment/8369a55cdce45107d167b4053a2c1fd0646271.jpg', 'http://p0.meituan.net/wmcomment/e8f5bbd1af9c0ac7c0a24e82154e4e3f632001.jpg'",,真的很高兴您对我们的菜品和服务感到满意！感谢您的五星好评，感谢您选择我们的外卖服务。希望下次用餐时，还能带给您同样的愉悦体验。再次感谢您的支持！
小湘厨木桶饭,匿名用户,0,5,#土豆片排骨＋木桶饭#好吃,1747843200,1747843200,1747888538,68,0,4,8705649133,1,http://p0.meituan.net/wmcomment/d5d340f5885e00259e2af462faa8703d1062258.jpg',,
小湘厨木桶饭,张毅是我儿,2874647306,5,#白萝卜炒牛肉＋木桶饭# #小碗福利 | 麻婆豆腐（限购一份）# #店家心意 | 荷包蛋（单点不送）# #收藏0元购 | 随机饮料#好吃的很，适合打工牛马,1747843200,1747843200,1747924983,22,0,4,8707620219,3,"http://p0.meituan.net/wmcomment/a002461b62eed222ae42642adf6d69741394214.jpg', 'http://p0.meituan.net/wmcomment/a5ac6722e54a0f2ab2533e12fed39e621233475.jpg', 'http://p0.meituan.net/wmcomment/02807c0ad5ae376b3e681732a0c257ec1188206.jpg'",,谢谢您对菜品的喜爱，我们会继续努力！很高兴您觉得我们的食物合适给您，希望下次还能为您带来更多美味的惊喜！
小湘厨木桶饭,月届99,1811370695,5,香辣下饭，农家一碗香配冰可乐，爽快满足！份量足，性价比高，推荐！,1747843200,1747843200,1747887670,39,0,11,8705569381,2,"http://p0.meituan.net/wmcomment/4235de13b72600155ea88f05c574ae7d754856.jpg', 'http://p0.meituan.net/wmcomment/113e6ea474b7158be917348ef0942c2f801518.jpg'",,
小湘厨木桶饭,匿名用户,0,5,#腐竹炒肉＋木桶饭#小湘厨木桶饭的腐竹炒肉真是绝绝子！咸鲜适口的酱汁裹着嫩滑肉片和吸汁腐竹，妥妥的下饭神器。米饭颗粒分明分量超足，包装严实保温到位。,1747843200,1747843200,1747889851,42,0,4,8705755220,3,"http://p0.meituan.net/wmcomment/698be2c10813bd552f2bd7eddfa18e3a978674.jpg', 'http://p0.meituan.net/wmcomment/43683b6e090bc69ccb09509c03d20431818319.jpg', 'http://p0.meituan.net/wmcomment/276f725696b36d59f48cb91ed5ed4128961790.jpg'",,感谢您的美味评价和对小湘厨的支持！我们非常高兴您喜欢我们家的腐竹炒肉和木桶饭。您的满意是我们最大的动力，我们会继续努力保持和提升品质。期待您的下次光临！
小湘厨木桶饭,匿名用户,0,1,#【老板推荐】野山椒牛肉＋木桶饭#肉很少，可能和我实付款少有关系，如果不想这么便宜，提高价格就好了，进去就三四块肉，全是垃圾和芹菜。,1747843200,1747843200,1747890056,87,0,4,8705769785,0,,,
小湘厨木桶饭,SdO303578231,2718708200,5,"这次外卖体验令人非常满意。 餐品新鲜美味，口感丰富，令人回味无穷。 包装精美，细节处体现了商家的用心。 配送迅速，准时送达，服务态度友好。 整体体验超出预期，值得再次购买。
#【招牌特色】农家一碗香＋木桶饭# #小碗福利 | 酸辣土豆丝（限购一份）#",1747843200,1747843200,1747896354,19,0,4,8706093296,3,"http://p0.meituan.net/wmcomment/10703c57a50a2d382c8d786f7398ef111201176.jpg', 'http://p0.meituan.net/wmcomment/542cc7771027247173b53619df2d042c1154226.jpg', 'http://p0.meituan.net/wmcomment/c10ff25c087cc728858d30739bf8171b1220182.jpg'",,太高兴听到您对我们的满意！感谢您的五星好评！我们会持续提供新鲜美味的餐品，让每一次用餐都成为愉悦的享受。期待您的下次光临！
小湘厨木桶饭,匿名用户,0,5,"
- 香干炒肉超好吃，肉嫩豆干香，份量很足，下次还点！??
- 这份香干炒肉太合我口味啦，咸淡适中，香迷糊了?? 
- 香干炒肉绝了，色香味俱全，米饭炫了两碗，必",1747756800,1747756800,1747800216,36,0,4,8702341806,2,"http://p0.meituan.net/wmcomment/c49599d0d2dccb9669765801131350e5696825.jpg', 'http://p0.meituan.net/wmcomment/2e564c1ffb38aa8489aec0ab889bf943691492.jpg'",,感谢您的支持！我们会继续努力保持美食品质。期待下次光临，希望更多满足您味蕾的美食能带给您惊喜。
小湘厨木桶饭,匿名用户,0,5,#绝味啤酒鸭＋木桶饭# #小碗福利 | 麻婆豆腐（限购一份）# #收藏0元购 | 随机饮料#点过很多次了，味道很湘味，下饭,1747756800,1747756800,1747826721,50,0,4,8703818239,3,"http://p0.meituan.net/wmcomment/ec6591963eaf021328fe1437f9ed5e35950188.jpg', 'http://p0.meituan.net/wmcomment/cc9e549b0b0d84a48d5aae06b5a47714932612.jpg', 'http://p0.meituan.net/wmcomment/8125b077f6d1c1e84884c456d7c599a9958121.jpg'",,
小湘厨木桶饭,骑手张伟鑫,178107130,5,#【招牌特色】农家一碗香＋木桶饭#好吃，价格还实惠，量还大，打工人杠杠的，非常新鲜,1747756800,1747756800,1747837206,38,0,4,8704424222,3,"http://p0.meituan.net/wmcomment/f86ef88a15c04ed8e349f2a5bf0e1246524946.jpg', 'http://p0.meituan.net/wmcomment/2a5437775d25c77cbf33156055454aa3707501.jpg', 'http://p0.meituan.net/wmcomment/1ed19e5a53d1cb6c712dd5ecac7a6b72789180.jpg'",,
小湘厨木桶饭,kangjPeng,196060521,5,#【单人套餐】洋葱炒肉+米饭+送饮料(亏本冲销量)#味道很不错   好吃的   下次还点,1747756800,1747756800,1747803510,46,0,4,8702638245,2,"http://p0.meituan.net/wmcomment/4bb6fae19c4434991347ebc0b55e28b9813900.jpg', 'http://p0.meituan.net/wmcomment/7be9229f5ff5123fe7b0a32ec24d60e4838062.jpg'",,
小湘厨木桶饭,xZr892992716,1532175958,5,很不错的选择，服务不错，商品完好无损，值得推荐购买。。。,1747756800,1747756800,1747800218,37,0,4,8702342011,3,"http://p0.meituan.net/wmcomment/4cbba7598ce934aae534b7d720dc2e74907472.jpg', 'http://p0.meituan.net/wmcomment/8f317a12e43c81800a7b79dbf8b194f2948692.jpg', 'http://p0.meituan.net/wmcomment/8c65c40815a2ba216614f5e7f9f2d6ef963869.jpg'",,太高兴听到您满意这次的体验！感谢您的支持与推荐，我们会继续努力保持或超越您的期望。
小湘厨木桶饭,狂吃不胖的靓仔,880950736,5,#毛豆炒肉＋木桶饭#太香了,1747497600,1747497600,1747575165,32,0,11,8694836993,0,,,谢谢你的支持和喜爱！很高兴你喜欢我们家的毛豆炒肉和木桶饭。我们会继续努力，保持和提升品质。期待下次能再次为你提供美味的餐点。
小湘厨木桶饭,tcB50227402,748632891,5,很好吃，肉很新鲜，量大值得推荐,1747411200,1747411200,1747412480,25,0,4,8688403816,1,http://p0.meituan.net/wmcomment/e40e04c1c96bc66084648f3a803a5b32736484.jpg',,谢谢您的好评！很高兴您喜欢我们的美食。我们会继续努力保持食材新鲜，提供丰富的分量，您的推荐对我们非常重要，感谢您的支持！
小湘厨木桶饭,晚风与她皆是过客,569624731,5,好吃#土豆片排骨＋木桶饭# #小碗福利 | 麻婆豆腐（限购一份）#，,1747324800,1747324800,1747366323,34,0,4,8685966224,2,"http://p0.meituan.net/wmcomment/a3e03bc8e21b22b05eefc18df4a3c1d1146756.jpg', 'http://p0.meituan.net/wmcomment/c57e310df704aec7ffe061b504734cde154706.jpg'",,
小湘厨木桶饭,匿名用户,0,5,#【招牌特色】农家一碗香＋木桶饭#还不错,1747324800,1747324800,1747361092,40,0,4,8685745852,0,,,
小湘厨木桶饭,木的杨啊,806197623,5,#辣子鸡丁＋木桶饭#有去店里吃过，份量特别多，味道一级棒，强烈推荐,1747324800,1747324800,1747371355,60,0,4,8686372705,1,http://p0.meituan.net/wmcomment/37e2ceb9bc2b2cabdc27bfb76a004c5b1056946.jpg',"穿戴工服', '风雨无阻', '仪表整洁', '货品完好'",
小湘厨木桶饭,匿名用户,0,5,#土豆片排骨＋木桶饭# #小碗福利 | 麻婆豆腐（限购一份）#味道好吃 很下饭 肉也很多,1747238400,1747238400,1747283778,20,0,4,8683372934,1,http://p0.meituan.net/wmcomment/0c1f6269d6197401382dc4e3e044deaa152582.jpg',,
小湘厨木桶饭,vHY156337357,2709030814,5,他们家食材挺新鲜的 好吃的 份量也不错 说不要辣 就一点la,1747238400,1747238400,1747286359,39,0,11,8683546538,2,"http://p0.meituan.net/wmcomment/06f8ec668a8a78412380ff4fdd483bae271156.jpg', 'http://p0.meituan.net/wmcomment/1c20e072969bbf62f82e8b551e48bb9145359.jpg'","礼貌热情', '仪表整洁'",
小湘厨木桶饭,JvG416768185,4387419388,5,好吃量大管饱，特别是洋芋丝特别推荐，酸酸甜甜的非常下饭，麻婆豆腐也推荐拌饭吃好吃。,1747238400,1747238400,1747286566,28,0,4,8683557634,2,"http://p0.meituan.net/wmcomment/44521b85518914f74069ffc8bd83ccc494104.jpg', 'http://p0.meituan.net/wmcomment/8c739b5d3a64f103dd34c8230f58bcef92210.jpg'","快速准时', '货品完好'",
小湘厨木桶饭,匿名用户,0,5,本来点外卖是为了填饱肚子，可是吃了之后真的完全超出想象，吃饭也成了一种十足的享受！,1747238400,1747238400,1747313678,34,0,4,8684882810,1,http://p0.meituan.net/wmcomment/8c1f31ad5c887a3619614bff7b01e6251461433.jpg',,
小湘厨木桶饭,匿名用户,0,5,#【爆款主打】四季豆炒肉＋木桶饭#非常新鲜，豆角熟而不烂，需要忌口备注不要辣椒店家真的没有给，还非常大份！推荐推荐！,1747152000,1747152000,1747203386,36,0,11,8680837635,1,http://p0.meituan.net/wmcomment/5d20a4849b0bff95c1a9b81939f670db220158.jpg',,
小湘厨木桶饭,GSz620301028,5422504336,5,超级好吃#火腿炒鸡蛋＋木桶饭#食材非常新鲜 推荐大家试一试 味道很好,1747152000,1747152000,1747212227,23,0,11,8681150834,3,"http://p0.meituan.net/wmcomment/0d6c02e774dc59b35e216b23f51a1869167806.jpg', 'http://p0.meituan.net/wmcomment/1ab453147aa75bad9a40de783ed9f0ab167744.jpg', 'http://p0.meituan.net/wmcomment/de40ed52bb97fc0927cd6132c254e50c171359.jpg'",,
小湘厨木桶饭,匿名用户,0,5,不错,1747152000,1747152000,1747201037,16,0,11,8680735760,0,,,
小湘厨木桶饭,西米,276804589,5,好吃,1747152000,1747152000,1747223127,34,0,4,8681762208,0,,,
小湘厨木桶饭,温馨一家人vs,281701138,5,味道还不错,1747152000,1747152000,1747191304,52,0,4,8680066545,0,,,
小湘厨木桶饭,茶马古道983,161058210,5,外卖一打开，芳香四溢，菜品鲜嫩多汁，每一口都是满满的幸福感，真的是太满足了。#烟笋炒肉＋木桶饭#,1747152000,1747152000,1747227920,74,0,11,8682030310,0,,,
小湘厨木桶饭,匿名用户,0,5,#青瓜火腿＋木桶饭#还不错,1747065600,1747065600,1747098240,47,0,4,8677112080,1,http://p0.meituan.net/wmcomment/04ac7a7b703aa8fab6068c5f1f9fafca207311.jpg',,
小湘厨木桶饭,海阔天空vv2,775591604,5,还可以,1747065600,1747065600,1747112751,35,0,4,8677828718,1,http://p0.meituan.net/wmcomment/1adf1ee6eec7cdd96de911b5eb072ee9279926.jpg',,
小湘厨木桶饭,HMY564830851,2474745148,5,第一次点   味道好  分量足  值得回购,1747065600,1747065600,1747125185,36,0,11,8678309828,1,http://p0.meituan.net/wmcomment/df7fc5b47ae300d3710374eb29b5da35926290.jpg',,
小湘厨木桶饭,URB336118973,175211969,5,#【招牌特色】农家一碗香＋木桶饭#好吃，干净,1747065600,1747065600,1747112567,29,0,4,8677817326,0,,,
小湘厨木桶饭,K无语花敷123,3231120517,5,#土豆丝炒肉＋木桶饭# #【单人套餐】腐竹红烧肉+米饭+饮料（亏本冲销量）# #店家心意 | 荷包蛋（单点不送）#点的赠品都送到了。分量很多。,1747065600,1747065600,1747145345,29,0,11,8679361565,2,"http://p0.meituan.net/wmcomment/1e5e4125e6922fee440fb24aa141b9a1913371.jpg', 'http://p0.meituan.net/wmcomment/aa8846237fd6fb551dc79ed324479893452885.jpg'",,
小湘厨木桶饭,fAb787537439,3526775196,5,好吃爱吃,1746979200,1746979200,1747039709,26,0,4,8675575956,3,"http://p0.meituan.net/wmcomment/b7d6486505e9805f3cb34b185fe840a5176620.jpg', 'http://p0.meituan.net/wmcomment/b5435aefd8926889b06f53b05a890414187433.jpg', 'http://p0.meituan.net/wmcomment/b0b968c187d21435abfc414d25476226188246.jpg'",,
小湘厨木桶饭,半岛铁盒的序言,785548944,5,#小炒肉＋木桶饭#真就是一个超级无敌旋风好吃嘤嘤嘤糯叽叽到爆的美食#小炒肉＋木桶饭# #小碗福利 | 麻婆豆腐（限购一份）# #小炒肉＋木桶饭# #小炒肉＋木桶饭#,1746979200,1746979200,1747031096,50,0,4,8675283610,3,"http://p0.meituan.net/wmcomment/2c6bfdb233771d78f014353a28fdf2a61202271.jpg', 'http://p0.meituan.net/wmcomment/c3b6c9ef34bfab8e56192cebecd1af481237044.jpg', 'http://p0.meituan.net/wmcomment/8a02d9f51bc7b57aebbf9c5463f63c1e1133996.jpg'",,
小湘厨木桶饭,青山,51842092,5,味道没得说，美味，好吃,1746979200,1746979200,1747029326,28,0,4,8675213737,1,http://p0.meituan.net/wmcomment/58e32c5543e210a1ac0a56ecaa185618218344.jpg',,
小湘厨木桶饭,JSx955914320,848575795,5,干净又卫生 性价比高值得推荐,1746979200,1746979200,1747022057,48,0,4,8674739145,1,http://p0.meituan.net/wmcomment/41b7734ebb28c0180440eb40da3af9f2711261.jpg',,
小湘厨木桶饭,匿名用户,0,5,食物的香气扑鼻，让人垂涎欲滴。商家在调味和烹饪时间的掌握上堪称完美。,1746892800,1746892800,1746938249,23,0,4,8671617856,1,http://p0.meituan.net/wmcomment/522951c4ba0fbd0dbf104edc2009422c1459027.jpg',,
小湘厨木桶饭,匿名用户,0,1,鸡肉都是脖子部分还怎么吃啊,1746892800,1746892800,1746939264,25,0,4,8671712887,1,http://p0.meituan.net/wmcomment/4f0f8f2ad4d215275f75c7d9acd3ceca1080324.jpg',,
小湘厨木桶饭,ktv495908429,3377250015,5,我一般不评价，但是这次真的忍不住要赞一下，超级好吃，超级优惠，而且送餐速度比想象中要快很多，明天继续点好吃，超赞，这家店我已经回购很多次了，包括周围的朋友都已经被我疯狂安利了，食物好吃，食材新鲜，而且分量也超多的,1746892800,1746892800,1746951110,19,0,11,8672457002,3,"http://p0.meituan.net/wmcomment/af15f721b6e6bfed337bf20f3f0da9191242999.jpg', 'http://p0.meituan.net/wmcomment/13bb26e9de6f2ebcfd5ee88ec9f292481023920.jpg', 'http://p0.meituan.net/wmcomment/b74596fba52f7aabaf012f62cecc21571139048.jpg'","货品完好', '快速准时'",
小湘厨木桶饭,匿名用户,0,5,味道很赞，包装很严实，没有破损。小哥速度很快，送到手还是热乎乎的，好评！,1746892800,1746892800,1746934392,20,0,4,8671260143,1,http://p0.meituan.net/wmcomment/696797a07d4f8ff78d8dbfde990331721132510.jpg',,
小湘厨木桶饭,匿名用户,0,5,味道还不错，分量也挺足的，包装完整的,1746892800,1746892800,1746934811,23,0,4,8671294546,1,http://p0.meituan.net/wmcomment/27d7b877c558a37659c842abd4b8bcf2840800.jpg',,
小湘厨木桶饭,Gye894284590,997458861,5,味道还不错的哦,1746892800,1746892800,1746935920,20,0,4,8671392029,1,http://p0.meituan.net/wmcomment/812cd5b9496383dd4eadb9b259fa7796169140.jpg',,
小湘厨木桶饭,x3337239499,2680330561,5,从包装到食物，处处彰显着干净。味道更是惊艳，好吃到爆，已经安利给朋友了！,1746806400,1746806400,1746877898,34,0,4,8669662522,2,"http://p0.meituan.net/wmcomment/b0881bfc2b887902fc8ba37ba431b2e3547935.jpg', 'http://p0.meituan.net/wmcomment/7fe08e3af01e050fecc1d2a8c8039630615067.jpg'",,
小湘厨木桶饭,nWY662116076,908691057,5,#【爆款主打】四季豆炒肉＋木桶饭# #小碗福利 | 酸辣土豆丝（限购一份）#配送速度非常快，包装也很干净，味道非常不错，性价比很高，好吃！,1746806400,1746806400,1746850132,26,0,11,8667989745,1,http://p0.meituan.net/wmcomment/e4ef201cc210071d71349b19bc1e1666347116.jpg',,
小湘厨木桶饭,海阔天空vv2,775591604,5,好吃量也大,1746720000,1746720000,1746767958,42,0,4,8665251579,1,http://p0.meituan.net/wmcomment/a465f934ac1ba68bc84a427c7c368846301550.jpg',,
小湘厨木桶饭,心海ocean1,3410081970,5,味道可以,1746720000,1746720000,1746766161,31,0,4,8665129603,0,,,
小湘厨木桶饭,匿名用户,0,1,"巨咸…………… 豆干还吃出了酸酸的味道，
太难吃了，吃过最难吃的豆干，
一个破塑料袋+两个最低成本饭盒的打包费…",1746460800,1746460800,1746505184,43,0,4,8656347651,1,http://p0.meituan.net/wmcomment/3e7a9c484205f88c8bfa27d03682082090700.jpg',货品完好',
小湘厨木桶饭,aJy709033080,2561910965,5,#绝味啤酒鸭＋木桶饭# 很好吃，超满足 出餐快,1745596800,1745596800,1745641551,25,0,4,8625812205,1,http://p0.meituan.net/wmcomment/3ac41ae9707644291c55974036f85d1e210819.jpg',,
小湘厨木桶饭,匿名用户,0,1,肉沫呢，说好的超辣，小米辣都没几个。,1744905600,1744905600,1744949935,43,0,4,8600841268,1,http://p0.meituan.net/wmcomment/a38bcabc51c3a726e728199e48b6b5f61069649.jpg',,
小湘厨木桶饭,MCS2023年,1452888644,5,非常满意，干净卫生,1744732800,1744732800,1744794563,31,0,4,8595829056,0,,,
小湘厨木桶饭,eiK265824353,700679353,4,可以,1744128000,1744128000,1744193897,30,0,4,8575146977,0,,,
小湘厨木桶饭,jifengqing,175828485,5,,1744041600,1744041600,1744102978,21,0,4,8572163733,1,http://p0.meituan.net/wmcomment/16d458a50e80cd32c1353cb5f06647f5836895.jpg',,
小湘厨木桶饭,爱疯6666,157137213,5,#【老板推荐】野山椒牛肉＋木桶饭# #店家心意 | 荷包蛋（单点不送）#味道很不错，份量很足，食材新鲜，吃的很饱，下次还来吃，祝生意兴隆,1743004800,1743004800,1743078760,29,0,11,8537106607,2,"http://p0.meituan.net/wmcomment/16cff1f26459359f7c7fefada34cc8ce206963.jpg', 'http://p0.meituan.net/wmcomment/90872d0b745a5fd679a5e5e05cee1261195793.jpg'",,
小湘厨木桶饭,jejdjxjdis,3127079831,5,味道很好，很鲜美很好吃，量大量足物美价廉物超所值值得购买好好好好好好好好好好好好,1743004800,1743004800,1743077208,22,0,11,8537014596,1,http://p0.meituan.net/wmcomment/3f5e977b7a0398405912bfe705838836931135.jpg',,
小湘厨木桶饭,救屎腹伤,2670656945,5,味道挺好的，肉也不少，就是吃多了有一丢丢咸，可以配着水吃，总体还是挺好吃的，已经吃了一半了。,1743004800,1743004800,1743043954,31,0,4,8535134127,5,"http://p0.meituan.net/wmcomment/cdce11ab827af966708430130ddc54921168234.jpg', 'http://p0.meituan.net/wmcomment/e6ca1594830d28f2b22793282f4d41bf1007990.jpg', 'http://p0.meituan.net/wmcomment/3dfef69ee6d93b7d2dc256288d078cea1125986.jpg', 'http://p0.meituan.net/wmcomment/78bf62678ed85244d87060344059da9d1025348.jpg', 'http://p0.meituan.net/wmcomment/261bcc9b22e59e1245a62b0efd182d691105320.jpg'",,
小湘厨木桶饭,vJR821641123,3153768545,5,"好评好评！商家做的又快又好吃，食材新鲜，味道让人流连忘返，下次还点！
",1743004800,1743004800,1743067426,33,0,4,8536385535,1,http://p0.meituan.net/wmcomment/a3f5f2c259c1b52d090524a6ed49c2e8154204.jpg',,
小湘厨木桶饭,EhK685670062,135901117,5,炒得非常不错，五星,1742918400,1742918400,1742970864,17,0,4,8533089037,1,http://p0.meituan.net/wmcomment/6e505d95cf850d6f56fbd13c77a8f4ee256170.jpg',,
小湘厨木桶饭,爱疯6666,157137213,5,#烟笋炒肉＋木桶饭# #店家心意 | 荷包蛋（单点不送）#味道很不错，份量很足，食材新鲜，吃的很饱，下次还来吃，祝生意兴隆,1742918400,1742918400,1742986550,30,0,11,8533796972,2,"http://p0.meituan.net/wmcomment/c6ab72ce62d4846498d9927230ed4cd9216547.jpg', 'http://p0.meituan.net/wmcomment/1d76ae8c85906c4c5a72a29f5b700629229799.jpg'",,
小湘厨木桶饭,jeff,1498685344,5,木桶饭的每一口都充满了家的味道，饭菜的分量很足，包装也很精美??，商家服务态度超级好??，配送速度快到飞起??！,1742918400,1742918400,1742961412,1058,0,4,8532477108,5,"http://p0.meituan.net/wmcomment/79af05e95c32583bd42fb1a82ee087e0681606.jpg', 'http://p0.meituan.net/wmcomment/f364f3dda35b963252b4a80571031fce729295.jpg', 'http://p0.meituan.net/wmcomment/a4afbb1ec238f690d3ab1c698e6c808f718457.jpg', 'http://p0.meituan.net/wmcomment/5edca3dd6a6ec3ea2c46a7ce629bb108650497.jpg', 'http://p0.meituan.net/wmcomment/e969deb57a15b493b0e2013a3843b60d666256.jpg'",,
小湘厨木桶饭,TxL156497268,799486089,5,还有结合好的假的假的假的假的,1742918400,1742918400,1742957354,39,0,11,8532222388,0,,,
小湘厨木桶饭,CHM605575586,2982931829,5,香香香味道不错，过气很足，味道真的真的挺好错还OK的兄弟们,1742918400,1742918400,1742962917,15,0,11,8532629330,1,http://p0.meituan.net/wmcomment/1d7b97284805196593efa2a4a51036046577678.jpg',,
小湘厨木桶饭,狂吃不胖的靓仔,880950736,5,好吃，非常有锅气#烟笋腊肉＋木桶饭#,1742918400,1742918400,1742974546,26,0,11,8533221742,0,,,
小湘厨木桶饭,吃不饱都有恃无恐,282629315,5,一口下去，满满的幸福感！饮品的香气在鼻腔中弥漫，口感丰富多样，真的是太棒了！,1742832000,1742832000,1742881073,27,0,4,8530091495,2,"http://p0.meituan.net/wmcomment/76a8f56c8ee65e69a5cbc0cfbec467731254049.jpg', 'http://p0.meituan.net/wmcomment/3dd715bc16dbd301d963c6a8b485e3f11254049.jpg'",,
小湘厨木桶饭,yj0890,281763058,5,还不错,1742832000,1742832000,1742896233,22,0,11,8530681962,1,http://p0.meituan.net/wmcomment/3df77b520e6739228e278814556b4c53814389.jpg',,
小湘厨木桶饭,Roger,2744548111,5,好吃,1742832000,1742832000,1742871116,26,0,11,8529394229,0,,,
小湘厨木桶饭,匿名用户,0,5,好吃，下次再来,1742832000,1742832000,1742913469,61,0,4,8531620377,3,"http://p0.meituan.net/wmcomment/f5ba4cbf1085244a81fdd3832f385f17745781.jpg', 'http://p0.meituan.net/wmcomment/d85010f48c13ae98885f82494c2f7940847571.jpg', 'http://p0.meituan.net/wmcomment/810c757dc71e170681e269c4018f8edc833000.jpg'",,
小湘厨木桶饭,forevertoyouBing,667273454,5,说实在的，这是我在外卖平台上点餐以来，无比满意的一次点餐。无论是骑手的配送速度，还是包装的精美程度以及饭菜的可口程度，都让我十分满意，给老板一个大大的赞??,1742832000,1742832000,1742912878,60,0,11,8531597371,0,,,
小湘厨木桶饭,jejdjxjdis,3127079831,5,味道很好，很鲜美，量大量足物美价廉物超所值值得购买好好好好好好好好好好好好,1742832000,1742832000,1742902156,29,0,11,8531051387,1,http://p0.meituan.net/wmcomment/ac464b6dc1bd717068457ddc7d4de448846694.jpg',,
小湘厨木桶饭,ira834429181,2602688681,5,#【老板推荐】野山椒牛肉＋木桶饭# #收藏0元购 | 随机饮料#好好好好好好好好好好吃的样子好好好好好好好好好好吃的样子好好好好好好好好好好好好好好好好好好好好好好好好好好好好好好好好好好好,1742832000,1742832000,1742878943,43,0,4,8529976363,2,"http://p0.meituan.net/wmcomment/bb52bd583fde90f64801ae118cc4c141941090.jpg', 'http://p0.meituan.net/wmcomment/0285630cde498d73465735cbb9978619876586.jpg'",,
小湘厨木桶饭,SdO303578231,2718708200,5,"这次外卖体验令人非常满意。 餐品新鲜美味，口感丰富，令人回味无穷。 包装精美，细节处体现了商家的用心。 配送迅速，准时送达，服务态度友好。 整体体验超出预期，值得再次购买。
",1742745600,1742745600,1742810623,29,0,4,8527922403,3,"http://p0.meituan.net/wmcomment/5828fb5da8307325a2ae5149305bf3321335961.jpg', 'http://p0.meituan.net/wmcomment/e28eff11b2de80a59262a1b2e6ddf8d11326844.jpg', 'http://p0.meituan.net/wmcomment/f1101872228729a16f373030266675c21331250.jpg'",,
小湘厨木桶饭,bsa961824218,1893332995,4,味道还可以，肥而不腻，下次可以再点，可以值得回购,1742745600,1742745600,1742784467,29,0,4,8526632277,1,http://p0.meituan.net/wmcomment/3630f8fb236b2e60d9631738c9430c6d829748.jpg',,
小湘厨木桶饭,阿只,2924971510,5,包装严密，食材新鲜，分量很足,1742745600,1742745600,1742817291,51,0,11,8528329726,1,http://p0.meituan.net/wmcomment/ef4185be41d2d6ec7cf610808c42fef2494903.jpg',,
小湘厨木桶饭,Ywb881135087,859686658,5,好吃,1742745600,1742745600,1742797351,35,0,4,8527417490,0,,,
小湘厨木桶饭,荣获早日退休,3633855995,5,挺香的，味道不错，菜量也比较多,1742745600,1742745600,1742792543,24,0,4,8527196054,2,"http://p0.meituan.net/wmcomment/5ee7604d451955ed66728edfb9edfc5352104.jpg', 'http://p0.meituan.net/wmcomment/0c2bf45a37b9617d6daa1a3fff10f4e366383.jpg'",,
小湘厨木桶饭,爱疯6666,157137213,5,#腐竹牛腩＋木桶饭#味道很不错，份量很足，食材新鲜，吃的很饱，下次还来吃，祝生意兴隆,1742745600,1742745600,1742826220,19,0,11,8528761246,2,"http://p0.meituan.net/wmcomment/c82e27b647cea207d69480df6aef0854217256.jpg', 'http://p0.meituan.net/wmcomment/0320d4d1c1bf768dc3bd8c141f9fc878218779.jpg'",,
小湘厨木桶饭,osw836416143,842821879,5,#【单人套餐】油豆腐炒肉+米饭+饮料（亏本冲销量）#味道好吃，很下饭，价格经济实惠，推荐这家店铺,1742659200,1742659200,1742726487,38,0,4,8525253946,2,"http://p0.meituan.net/wmcomment/1538e83a86b2710bceac50c12ed219ae2582394.jpg', 'http://p0.meituan.net/wmcomment/db6916de34b080a2c42940d88714d0452511998.jpg'",,
小湘厨木桶饭,OZa257730108,857419431,5,外卖干净得无可挑剔，味道也是一绝，鲜香可口，吃了还想吃！,1742659200,1742659200,1742709867,42,0,4,8524403964,1,http://p0.meituan.net/wmcomment/b199f59393371a1f9aa16f92f3af427c987106.jpg',,
小湘厨木桶饭,路人小洲,3006562735,5,味道可以,1742659200,1742659200,1742745595,37,0,4,8526204665,0,,,
小湘厨木桶饭,Vjc695884014,4400737573,5,#香干炒肉+米饭#很下饭，很好吃，价格便宜，经常这家外卖，推荐大家,1742659200,1742659200,1742703427,39,0,4,8523925483,2,"http://p0.meituan.net/wmcomment/0c7eaff4e92f3f595c04c9bd7e7b241b219118.jpg', 'http://p0.meituan.net/wmcomment/c35a205577a27570795cc4257950ae83222743.jpg'",,
小湘厨木桶饭,mhE946551738,2243194972,5,特别好吃，毛豆脆脆的，很入味，非常下饭，锅气很足,1742572800,1742572800,1742648543,34,0,11,8522587679,0,,,
小湘厨木桶饭,fxd762485148,1884244747,5,好吃,1742572800,1742572800,1742644485,15,0,4,8522343167,0,,,
小湘厨木桶饭,Vjc695884014,4400737573,5,#【单人套餐】油豆腐炒肉+米饭+饮料（亏本冲销量）#味道不错，好吃不贵，经济实惠，推荐这家店铺，出餐配送快,1742572800,1742572800,1742619179,31,0,11,8520953826,2,"http://p0.meituan.net/wmcomment/eb55d9f5df03484e4a1ea85618eb40ba185352.jpg', 'http://p0.meituan.net/wmcomment/d8e169f1ea4acac9843ad18aca29ff2a164405.jpg'",,
小湘厨木桶饭,试吃官063347,562556013,5,??????????????????????????,1742572800,1742572800,1742618675,31,0,11,8520913191,0,,,
小湘厨木桶饭,米阿D,966616878,5,好多辣椒???，爽飞了,1742572800,1742572800,1742616447,27,0,4,8520717343,1,http://p0.meituan.net/wmcomment/25a14206bdd841bbe93fe9aea5f6293c266733.jpg',,
小湘厨木桶饭,qja431012202,259370530,5,#【单人套餐】家常豆腐+米饭+果汁饮料# 还可以吧,1742572800,1742572800,1742640325,27,0,4,8522055726,0,,,
小湘厨木桶饭,匿名用户,0,5,"服务快捷，送餐准时，菜品新鲜美味，包装完善，值得推荐
源",1742486400,1742486400,1742537721,85,0,4,8518280282,2,"http://p0.meituan.net/wmcomment/853a05bf32a8d4bd3f5d940fe3ae173a246027.jpg', 'http://p0.meituan.net/wmcomment/6c8f39e1397df68d7e8ef52bc6b71012229697.jpg'",,
小湘厨木桶饭,forevertoyouBing,667273454,5,食物的香气扑鼻，让人垂涎欲滴。商家在调味和烹饪时间的掌握上堪称完美。,1742486400,1742486400,1742546659,61,0,11,8518593867,0,,,
小湘厨木桶饭,爱疯6666,157137213,5,#腐竹牛腩＋木桶饭#味道很不错，份量很足，食材新鲜，吃的很饱，下次还来吃，祝生意兴隆,1742486400,1742486400,1742555498,26,0,11,8519077649,2,"http://p0.meituan.net/wmcomment/f57a30926b793c2497578e6445868f4d300874.jpg', 'http://p0.meituan.net/wmcomment/c640ff5b67cf1140d5a56d6bff39e604265099.jpg'",,
小湘厨木桶饭,有句MMP不当讲,780381124,5,口味比我想象中的好，确实没想到料这么丰富，真的不错，挺好吃的，还会再点,1742486400,1742486400,1742530743,30,0,11,8517863884,2,"http://p0.meituan.net/wmcomment/4de81daf03d1d1d81f0a1a14407dfc88525288.jpg', 'http://p0.meituan.net/wmcomment/67beb57b0823d661ac9ed9ec8ed88dad500778.jpg'","仪表整洁', '货品完好', '风雨无阻'",
小湘厨木桶饭,uRv565924427,1767433874,5,#青椒牛肉＋木桶饭+荷包蛋#好吃??，就是这个味,1742486400,1742486400,1742529862,33,0,11,8517776324,0,,,
小湘厨木桶饭,匿名用户,0,5,味道不错，速度很快，下次再点,1742486400,1742486400,1742486942,42,0,4,8517062262,2,"http://p0.meituan.net/wmcomment/9b28a75da73aefc3f80ff59ca0a78ee21013396.jpg', 'http://p0.meituan.net/wmcomment/de48f03abbf85e46de0c541cb64f73c0765431.jpg'",,
小湘厨木桶饭,匿名用户,0,5,#【招牌特色】农家一碗香＋木桶饭# #小碗福利 | 麻婆豆腐（限购一份）# ,1742486400,1742486400,1742527370,34,0,11,8517589225,1,http://p0.meituan.net/wmcomment/1a2dfb19970104fdd2897654aa64db76392393.jpg',,
小湘厨木桶饭,救屎腹伤,2670656945,5,味道挺好的，肉也不少，就是吃多了有一丢丢咸，可以配着水吃，总体还是挺好吃的，已经吃了一半了。,1742400000,1742400000,1742468164,30,0,4,8516190908,6,"http://p0.meituan.net/wmcomment/1a30a573b941e8a9e89d71fa17a4949a1074074.jpg', 'http://p0.meituan.net/wmcomment/948a135846ac099e83cef93a6ccd5498942351.jpg', 'http://p0.meituan.net/wmcomment/e0792d8a11799b7d6c4a10040e6da7f0900437.jpg', 'http://p0.meituan.net/wmcomment/e159aacdb6c35d54dd6b048a5d79473c1102204.jpg', 'http://p0.meituan.net/wmcomment/b7fe016558142c0b6d3e57b825d6e908968145.jpg', 'http://p0.meituan.net/wmcomment/e3090314d17295ab6277039afa73ed58952686.jpg'",,
小湘厨木桶饭,匿名用户,0,5,很好吃 送的很快,1742400000,1742400000,1742446042,53,0,4,8515189398,1,http://p0.meituan.net/wmcomment/ba1f14b077fb09cb6ea0ff50bd7f955c336490.jpg',,
小湘厨木桶饭,一只兽系青年,768871485,5,非常好吃！#【招牌特色】农家一碗香＋木桶饭#明天还要继续点！,1742400000,1742400000,1742478460,37,0,4,8516762923,1,http://p0.meituan.net/wmcomment/6decae9c412ccdef2305bfc40884c876548340.jpg',,
小湘厨木桶饭,yOX729816200,1842579521,5,笋炒肉很下饭，土豆丝脆脆的，抄的不错，就是没有青菜,1742400000,1742400000,1742449065,36,0,4,8515363935,1,http://p0.meituan.net/wmcomment/c7fb21e502c91308ff736e4e1908cb29509832.jpg',,
小湘厨木桶饭,匿名用户,0,5,"还可以
",1742400000,1742400000,1742441448,24,0,4,8514798884,0,,,
小湘厨木桶饭,tpH775771698,1556412474,3,第三次吃了，还行吧,1742313600,1742313600,1742389308,47,0,4,8513813745,2,"http://p0.meituan.net/wmcomment/f6b8102dff381ddb0e187234f670aa3d1159835.jpg', 'http://p0.meituan.net/wmcomment/d9a9a4a3ab014c83920b524b021760191083028.jpg'",,
小湘厨木桶饭,forevertoyouBing,667273454,5,这家店的老顾客了，一如既往的好吃，是我的第二食堂，吃的安心放心。店家菜品很全，味道超正！炒鸡好吃！强烈安利！,1742313600,1742313600,1742317357,418,0,11,8511464628,1,http://p0.meituan.net/wmcomment/8ea844ea0fe022ad85320e645fe2879a481400.jpg',,
小湘厨木桶饭,chensisi0730,20273117,5,"口味很好吃，口味很好吃，口味很好吃，口味很好吃，
",1742313600,1742313600,1742357288,34,0,4,8512147951,2,"http://p0.meituan.net/wmcomment/f83a2a60808e142910b6c6ca8904960246843.jpg', 'http://p0.meituan.net/wmcomment/396a132e369ff6fcc9e66966ccc601ba49849.jpg'","风雨无阻', '仪表整洁'",
小湘厨木桶饭,木的杨啊,806197623,5,#辣子鸡丁＋木桶饭#太香了，味道很棒，分量特别多，强烈推荐尝一尝,1742313600,1742313600,1742357624,32,0,4,8512182496,2,"http://p0.meituan.net/wmcomment/2fd69b4afb6740dc2bb2d544c95563181009353.jpg', 'http://p0.meituan.net/wmcomment/ba9a22f5f77bc8f6208f863ffe6010f51119336.jpg'","风雨无阻', '货品完好', '穿戴工服'",
小湘厨木桶饭,匿名用户,0,5,超级好吃 豆子非常香 辣度正好 超级喜欢 给朋友也推荐了,1742227200,1742227200,1742270796,71,0,4,8509246627,2,"http://p0.meituan.net/wmcomment/1d36cad32f9611d7bcf34e6cb371cce4196158.jpg', 'http://p0.meituan.net/wmcomment/466a83e1c6727bb9d5e72b83a003adf2161200.jpg'",,
小湘厨木桶饭,mVQ808297236,3348356443,5,#土豆片排骨＋木桶饭# #收藏0元购 | 随机饮料#包装很好，分量很足，很香很好吃，下次还会点的，好吃好吃，推荐推荐,1742140800,1742140800,1742184582,49,0,4,8506473873,3,"http://p0.meituan.net/wmcomment/2779e798a25efdc18e9fafeddff7d3e3685227.jpg', 'http://p0.meituan.net/wmcomment/be2225dbb999707b4ab0deec4d08266e764475.jpg', 'http://p0.meituan.net/wmcomment/37c05bd89d41b1ecf048777b509b61ed751541.jpg'",,
小湘厨木桶饭,匿名用户,0,5,#青瓜火腿＋木桶饭# #小碗福利 | 酸辣土豆丝（限购一份）# #店家心意 | 荷包蛋（单点不送）#第一次点黄瓜，整体味道很不错，很下饭。,1742140800,1742140800,1742208690,28,0,11,8507637556,2,"http://p0.meituan.net/wmcomment/923a00fec3e18bc3981db94da266a8b9360883.jpg', 'http://p0.meituan.net/wmcomment/85039e09591159d98d5f0e33a32c66a2311895.jpg'",,
小湘厨木桶饭,龙哥,181807393,5,味道还可以，还不错，份量也行,1741881600,1741881600,1741915700,44,0,11,8496510077,1,http://p0.meituan.net/wmcomment/3ac2ac1288690788f5f24bac496c4003179619.jpg',,
小湘厨木桶饭,qDn652178904,1778882770,5,#【招牌特色】农家一碗香＋木桶饭#,1741881600,1741881600,1741924827,45,0,11,8496910529,1,http://p0.meituan.net/wmcomment/7b47a665cfb37e294c8bcae9823c7525107452.jpg',,
小湘厨木桶饭,forevertoyouBing,667273454,5,点了很多次啦，非常好吃，非常入味，包装也很棒，吃饱饱没烦恼哈哈,1741795200,1741795200,1741877232,404,0,11,8496051877,1,http://p0.meituan.net/wmcomment/abdd8e9b3dcded775dc9ace33e81bc7b865576.jpg',,
小湘厨木桶饭,tpH775771698,1556412474,3,肉几片，豆腐很多，味道一般,1741536000,1741536000,1741581785,20,0,4,8485866577,3,"http://p0.meituan.net/wmcomment/d46fa0ccd5817e74d98ed5169f870d2c1252715.jpg', 'http://p0.meituan.net/wmcomment/22cb20e2b6cd0b009ab27f7f5a7938601139626.jpg', 'http://p0.meituan.net/wmcomment/6fb34ca4e8413ba3c5c7bf6094141c021287911.jpg'",,
小湘厨木桶饭,cchjv,2266283983,5,太划算了！优惠力度真的好大，份量够足，下次一定还会点的,1741449600,1741449600,1741490088,30,0,11,8482415956,2,"http://p0.meituan.net/wmcomment/6f87763f5169a995e38c9468e83c4e291237108.jpg', 'http://p0.meituan.net/wmcomment/bb04162d4f2b4daa2e650cb50a1453fa1115088.jpg'",,
小湘厨木桶饭,匿名用户,0,5,#烟笋炒肉＋木桶饭# #小碗福利 | 酸辣土豆丝（限购一份）# #收藏0元购 | 随机饮料#点过几次了，味道很不错，吃辣人士特别下饭。,1741449600,1741449600,1741508806,40,0,11,8483573472,4,"http://p0.meituan.net/wmcomment/7f5364fb4093b45f3321cbddc35b3a8a898176.jpg', 'http://p0.meituan.net/wmcomment/d0bbe4fee5255f4aa6670a2b2ef231bd772916.jpg', 'http://p0.meituan.net/wmcomment/08785ad7b9aa1164aa9ad5026040d531721953.jpg', 'http://p0.meituan.net/wmcomment/c4dd19abb63c017029253bf5fab643ca783607.jpg'",,
小湘厨木桶饭,匿名用户,0,5,很棒，下次还点,1741449600,1741449600,1741496427,29,0,4,8482928299,1,http://p0.meituan.net/wmcomment/aec56ae60a3fee4610ae0abe8c954c581077487.jpg',,
小湘厨木桶饭,昊昊runrunrun,1813977369,5,#【招牌特色】农家一碗香＋木桶饭#味道很好，很新鲜，份量大，推荐买，推荐推荐,1741449600,1741449600,1741507932,25,0,4,8483535821,2,"http://p0.meituan.net/wmcomment/3366a80b19e8ecde50fc87c4f3b4f9821072197.jpg', 'http://p0.meituan.net/wmcomment/5703da9063fcc193b8a6760db063b45e1002061.jpg'",,
小湘厨木桶饭,iCy155428796,2624947151,5,??餐品卖相真不错，卫生方面无可挑剔。套餐搭配合理出色，超级棒。包装完整严实，食材新鲜好吃，真赞！#【招牌特色】农家一碗香＋木桶饭#,1741449600,1741449600,1741491090,18,0,4,8482480267,2,"http://p0.meituan.net/wmcomment/2323f74539dece64d512293992a04e291327258.jpg', 'http://p0.meituan.net/wmcomment/3f1a906e8c85af9122b5aec12e66f2d41249522.jpg'","穿戴工服', '仪表整洁', '礼貌热情', '货品完好', '快速准时', '风雨无阻'",
小湘厨木桶饭,匿名用户,0,5,#【特色味道】香干腊肉＋木桶饭#好吃,1741363200,1741363200,1741406850,35,0,11,8479286456,1,http://p0.meituan.net/wmcomment/6afc2a77d5d9aa8a39c7475b001d80ce1188395.jpg',,
小湘厨木桶饭,gnC567924728,782864603,5,四季豆炒肉很好吃，米饭也挺好吃的,1741363200,1741363200,1741408442,46,0,11,8479437505,1,http://p0.meituan.net/wmcomment/58303c9e6fdbcdea2ff3963f19d0d24d794866.jpg',,
小湘厨木桶饭,Fzf874914713,1047251115,5,好吃好好吃，真的好香,1741363200,1741363200,1741408484,45,0,4,8479441429,1,http://p0.meituan.net/wmcomment/6068e3b35fd81449f546f26a7d9470511220173.jpg',,
小湘厨木桶饭,别碰我的蓝,2948070174,5,还是流心蛋蛋非常好吃下回继续来,1741363200,1741363200,1741410494,27,0,4,8479617211,2,"http://p0.meituan.net/wmcomment/8c1f431bddc94a59d93e2c05847ee0fb939206.jpg', 'http://p0.meituan.net/wmcomment/9e3de255323337e0b7bafd11cd12c4de864822.jpg'",,
小湘厨木桶饭,匿名用户,0,5,食物的温度保持得恰到好处，送到时还能感受到热气腾腾的美味。,1741276800,1741276800,1741308347,23,0,4,8475738605,1,http://p0.meituan.net/wmcomment/f4cc3ab79895b6f7219355d48277cabc204637.jpg',,感谢您对我们美食的赞赏，本店会继续努力保持食物的最佳状态，让您品尝到最美味的外卖。
小湘厨木桶饭,足迹3144,1717930467,5,食物的色香味俱全，商家的厨艺简直一流。每次品尝都像是在享受一场美食盛宴。,1741276800,1741276800,1741344083,68,0,4,8477429859,3,"http://p0.meituan.net/wmcomment/ffcc224523956625ef06ce140c08c96d641443.jpg', 'http://p0.meituan.net/wmcomment/e7876b4f4a2a9da2d56d3fb32e8a09c2632043.jpg', 'http://p0.meituan.net/wmcomment/6ffd8334c9285adf44eec903543184e2603515.jpg'",,感谢您的肯定，我们会继续努力提升品质，为您带来更好的美食体验！
小湘厨木桶饭,yycwlr,99969089,5,外卖小哥服务周到，送餐迅速！食物包装精美，味道满意。强烈推荐！,1741276800,1741276800,1741325510,36,0,4,8476608414,2,"http://p0.meituan.net/wmcomment/2af16c007db5a6b1d8a42aa2fd0178f7871921.jpg', 'http://p0.meituan.net/wmcomment/f80d29b2613bfe618f4ad230f187df38975164.jpg'",,感谢亲的肯定和推荐，我们会继续努力提升服务品质。本店会严格把控食品安全，确保餐品质量，为您提供更好的用餐体验。
小湘厨木桶饭,wjT549962730,3453221885,5,饭菜分量多 干净卫生 又好吃 喜欢的赶紧入手吧,1741276800,1741276800,1741320995,22,0,4,8476278206,3,"http://p0.meituan.net/wmcomment/82b7dc6e6b82d88caaa021cc607e9e1f339128.jpg', 'http://p0.meituan.net/wmcomment/c83662b6c27a6b57a1c9d7166469c6ba400988.jpg', 'http://p0.meituan.net/wmcomment/94d92603cf5bb1ba2a91ba261a0379c8383142.jpg'","货品完好', '快速准时', '仪表整洁', '穿戴工服', '礼貌热情', '风雨无阻'",感谢您的赞赏，我们的饭菜分量充足，卫生干净，口感美味。我们会继续努力，为您提供更好的服务，欢迎再次光临本店！
小湘厨木桶饭,Qnl407320529,1004957774,5,#烟笋炒肉＋木桶饭#味道也还可以了，份量真的也还可以了，真的是好吃不贵了，感谢老板了，谢谢,1741276800,1741276800,1741320827,27,0,11,8476261439,3,"http://p0.meituan.net/wmcomment/40d3d18f19b369e5e6ed8871729939361105672.jpg', 'http://p0.meituan.net/wmcomment/5cbc6b662dbc74fe3b868418993f8c001103222.jpg', 'http://p0.meituan.net/wmcomment/e3560627aceb507c4d95f0d8542c98ed1228080.jpg'",,感谢亲的认可，我们小店会继续努力提升菜品口感和份量，为您提供更好的用餐体验，祝您生活愉快！
小湘厨木桶饭,XkB179827556,1202187245,5,#【爆款主打】四季豆炒肉＋木桶饭#味道十分不错，好吃不贵，值得推荐,1741276800,1741276800,1741319180,124,0,4,8476109834,1,http://p0.meituan.net/wmcomment/7f1fe297430de54abd1d9074bee3d4391297627.jpg',,感谢您的光临和好评！我们的四季豆炒肉和木桶饭都是招牌菜，口感和味道都是我们精心调配出来的。我们一直致力于给顾客带来优质且物有所值的美食体验，您的好评是对我们最大的鼓励！
小湘厨木桶饭,XrI513800258,872566271,5,不得不说，这次点的外卖是我近期吃过最棒的！色香味俱全。,1741276800,1741276800,1741342184,40,0,11,8477304562,2,"http://p0.meituan.net/wmcomment/750fb01e0c802f78f6822d5fbb618c12700738.jpg', 'http://p0.meituan.net/wmcomment/4f5e0ad64dae6a0e8126e197d83621d5669234.jpg'",,感谢您的夸奖，我们会继续努力提升品质，为您提供更优质的服务，期待您的下次光临。
小湘厨木桶饭,forevertoyouBing,667273454,5,这家店我已经回购很多次了，包括周围的朋友都被自己疯狂安利，送货速度很快，不到30分钟就送到了，五分好评走起，下次继续吃，真的超满足,1741190400,1741190400,1741241205,175,0,11,8473841319,1,http://p0.meituan.net/wmcomment/43a142593b2a637b0683e4a959ac1594863955.jpg',,感谢亲的认可和支持，我们会继续努力提升品质和服务，让每位顾客都能享受到美味佳肴。祝您生活愉快，欢迎下次光临小店！
小湘厨木桶饭,L小木生,259135953,5,味道还不错 饭都全部吃完了,1741190400,1741190400,1741241294,36,0,4,8473844912,1,http://p0.meituan.net/wmcomment/572c02696c746cc2d17655762f434228200548.jpg',,感谢您的认可，我们会继续努力提升品质和服务，祝您生活愉快！
小湘厨木桶饭,匿名用户,0,5,#【单人套餐】腐竹红烧肉+米饭+饮料（亏本冲销量）#好吃分量很多腐竹很入味,1741190400,1741190400,1741236588,256,0,4,8473600100,3,"http://p0.meituan.net/wmcomment/5d2d2ef56f9ecbcbfebb461bd6ac9572158158.jpg', 'http://p0.meituan.net/wmcomment/7a199757dca06a9ea79e212eacb92ee497074.jpg', 'http://p0.meituan.net/wmcomment/58ede59706f2210fc79bce509290cf9d186544.jpg'",,感谢您的惠顾，您的满意是我们的动力。我们会继续努力提升品质和服务，期待您下次光临小店。
小湘厨木桶饭,野汁棠,1738837620,5,很好吃，牛肉很嫩，辣椒也很得劲，份量多，吃的很巴适，爱了#野山椒牛肉+米饭（送饮料）#,1741190400,1741190400,1741226174,23,0,4,8472977308,1,http://p0.meituan.net/wmcomment/4da00b29df6881ed8be0697c68297cfb137750.jpg',,感谢亲的好评，很高兴牛肉和辣椒能让您满意。我们的野山椒牛肉+米饭套餐确实分量十足，让您吃得巴适。我们会继续努力提升品质，为您提供更好的服务！
小湘厨木桶饭,jQu512472877,950431499,5,#【特色味道】香干腊肉＋木桶饭#湘菜性价比很高，也很好吃，建议大家都试试。,1741190400,1741190400,1741236411,54,0,4,8473587337,1,http://p0.meituan.net/wmcomment/8d72393f8943ae88d9ff286edbc7d704858294.jpg',,感谢您的推荐和喜爱，我们的香干腊肉木桶饭深受欢迎，我们会继续努力提升品质和服务，祝您生活愉快！
小湘厨木桶饭,暴富暴美发大财,982537311,5,#青椒鸡蛋＋木桶饭# #青椒鸡蛋＋木桶饭#非常好吃的木桶饭，大家可以尝一尝。,1741104000,1741104000,1741173214,26,0,11,8471832647,2,"http://p0.meituan.net/wmcomment/f7508b272111cdc8a42b141470c844a5535481.jpg', 'http://p0.meituan.net/wmcomment/0dcc2a2864ab4209f489f30fad209d49532264.jpg'",,感谢您的肯定，我们的木桶饭很受欢迎。我们会继续努力提升品质，为您提供更好的用餐体验。
小湘厨木桶饭,匿名用户,0,5,味道可以，量也多,1741104000,1741104000,1741146728,84,0,4,8470430655,1,http://p0.meituan.net/wmcomment/d2c5af815189ec4add95dffc6cce4fbb967372.jpg',"风雨无阻', '快速准时'",感谢您的认可，本店会继续努力提升味道和份量，让您满意。
小湘厨木桶饭,匿名用户,0,5,#绝味啤酒鸭+米饭（味很地道）# #绝味啤酒鸭+米饭（味很地道）#第一次尝试 ，适合重口味人士，整体很下饭,1741104000,1741104000,1741148130,34,0,4,8470566096,3,"http://p0.meituan.net/wmcomment/457d378aba0e35e55c86c174b203a460810700.jpg', 'http://p0.meituan.net/wmcomment/f83a2f4f67317427a6cfa6eb87d9ada6931858.jpg', 'http://p0.meituan.net/wmcomment/9f362abc0cc02bd22f8388ef58795e21903633.jpg'",,感谢您的光临和好评！我们的啤酒鸭口味独特，确实很适合重口味的人士。如果您有任何其他建议或意见，欢迎随时与我们联系，我们会努力改进。
小湘厨木桶饭,匿名用户,0,5,好吃，好开胃,1741104000,1741104000,1741148239,44,0,4,8470576827,1,http://p0.meituan.net/wmcomment/0c4b5e39068db529cad06d5dfeb02bcf254421.jpg',,感谢亲的夸奖，我们会继续努力提供美味的食物。如果您有任何建议或需求，欢迎随时联系我们，小店一直都在努力改进中。
小湘厨木桶饭,匿名用户,0,1,难吃就算了，还那么贵！那么贵就算了，还那么难看！这卖相跟隔夜菜是的！人生中第一次给差评！,1741017600,1741017600,1741063119,27,0,10,8467908823,0,,,看到您的评论，非常自责。让顾客有良好的用餐体验一直是我们的目标。谢谢您的批评建议，让小店及时改正。小店承诺，下次您来一定会让您刮目相看
小湘厨木桶饭,tpH775771698,1556412474,4,感觉不错，好吃,1740758400,1740758400,1740805114,45,0,4,8459224861,0,,,感谢您的夸奖，我们会继续努力提升品质，为您提供更好的服务，祝您生活愉快！
小湘厨木桶饭,匿名用户,0,1,备注的西门放在南门还没个电话小票上地址没显示西门不能全怪骑手但是我发消息没反应还是自己找的外卖,1739808000,1739808000,1739851924,28,0,10,8428586168,1,http://p0.meituan.net/wmcomment/12540b9b18210ba353f73774e4400f79580960.jpg',送达不通知',城市那么大，遇到即是缘分，可惜小店没有珍惜这次缘分，真是痛心疾首！希望您再给一次机会，小店会万分珍惜！对于小店本次没给您带去优质的用餐体验，万分抱歉！
小湘厨木桶饭,ulN221855533,366365961,5,很美味,1737302400,1737302400,1737343210,21,0,4,8369359471,0,,,感谢您的赞赏，我们会继续努力提供美味的食物。如果您有任何其他反馈，欢迎随时告诉我们！
小湘厨木桶饭,AaF854436161,2706568566,4,味道还可以，米饭也不错,1736956800,1736956800,1736998170,29,0,4,8358482812,0,,,感谢您的认可，我们的菜品和米饭都是用心制作的，我们会继续努力提升品质，为您带来更好的用餐体验，祝您生活愉快！
小湘厨木桶饭,l360141001,1532659236,5,可以#【单人套餐】腐竹红烧肉+米饭+饮料（亏本冲销量）#,1736697600,1736697600,1736762240,35,0,4,8351355065,0,,,感谢您的惠顾！我们会继续努力提升品质和服务，希望给您带来更好的用餐体验，欢迎下次光临本店！
小湘厨木桶饭,匿名用户,0,2,少吃 看这肉反光,1736438400,1736438400,1736483539,31,0,4,8341733996,2,"http://p0.meituan.net/wmcomment/5334ec4f4f81e136b4d368d5ea23c98e1057203.jpg', 'http://p0.meituan.net/wmcomment/9ff2ea89f45f7a3d5abfa80b5f340a1e829079.jpg'",,亲，真的很抱歉，这是我们工作的疏忽，非常抱歉，我们一定加强管理改正相关流程，再次向您表达歉意！
小湘厨木桶饭,SdO303578231,2718708200,5,好吃,1735747200,1735747200,1735787793,24,0,4,8317842366,0,,,感谢您的光临，我们会继续努力提升品质，给您带来更好的体验，欢迎下次光临小店。
小湘厨木桶饭,JUBUER,656896913,5,老客户了,1735401600,1735401600,1735444642,31,0,11,8305651990,1,http://p0.meituan.net/wmcomment/83c604e24f96f1db14a75bccb941feaa1007960.jpg',"快速准时', '风雨无阻', '货品完好', '穿戴工服', '仪表整洁', '礼貌热情'",感谢您一直以来的支持和信任，我们会继续努力提升服务品质，期待您更多光临小店。
小湘厨木桶饭,JUBUER,656896913,5,,1735401600,1735401600,1735444752,44,0,4,8305661589,1,http://p0.meituan.net/wmcomment/f78bae4330eebeba2a5f5cb06c6ec0191007960.jpg',,谢谢您的惠顾和对我们的肯定
小湘厨木桶饭,JUBUER,656896913,5,,1735401600,1735401600,1735444719,32,0,4,8305658820,1,http://p0.meituan.net/wmcomment/e17fbd3d17589b51b462d64f2d95710a1007960.jpg',"仪表整洁', '穿戴工服', '礼貌热情', '快速准时', '风雨无阻', '货品完好'",世界上有一种深情叫做你点我的菜，我们一直在您身后给您最好最贴心的服务做您的小太阳，感谢您的支持与惠顾！
小湘厨木桶饭,JUBUER,656896913,5,好吃??每天点,1735401600,1735401600,1735444662,35,0,11,8305653737,1,http://p0.meituan.net/wmcomment/6fd49365c55b677de3d250ad75f3e58f1134080.jpg',"风雨无阻', '礼貌热情', '货品完好', '穿戴工服', '快速准时', '仪表整洁'",感谢您的赞赏，我们会继续努力提供美味的食物。如果您有任何其他反馈或建议，欢迎随时联系我们，我们会尽全力满足您的需求。
小湘厨木桶饭,匿名用户,0,1,很失望,1735142400,1735142400,1735206644,654,0,4,8297259547,0,,,给您造成困扰，小店追悔莫及！请您随时联系小店，及时给您补偿！感谢您光临本店，再次抱歉！
小湘厨木桶饭,JAY。命,428137978,4,挺好的挺好??,1734969600,1734969600,1735031154,24,0,4,8290819963,0,,,感谢您的肯定，我们会继续努力提升服务质量，祝您生活愉快！
小湘厨木桶饭,D,94794224,5,奈斯，额外加了火腿肠，好吃,1734624000,1734624000,1734664123,37,0,4,8276837395,1,http://p0.meituan.net/wmcomment/98a7b378b62aa9a78d774aa19a305485284643.jpg',,感谢您的赞赏，您额外加的火腿肠让美食更加美味。我们会继续努力提供美味的食物，祝您生活愉快！
小湘厨木桶饭,D,94794224,5,是我的宝藏外卖店了。老板人很好，基本要求都可以满足，也因为是现炒经常点他家，今天是第18次点这家外卖了,1734624000,1734624000,1734664055,44,0,4,8276833483,1,http://p0.meituan.net/wmcomment/ec37dcc73e607ceb1e49098f498bd6f9164850.jpg',,感谢亲的支持和鼓励，我们会继续努力提升菜品和服务质量，争取满足您的更多需求，祝您用餐愉快！
小湘厨木桶饭,CXX650853,125025522,5,份量很足啊，好好吃，米饭软硬也适中，下次还点，吃太快忘记拍个照了,1734624000,1734624000,1734678143,20,0,4,8277771604,0,,,谢谢亲的赞赏，我们的菜品份量足，口感也把控得恰到好处，您的肯定是我们最大的动力。期待您的再次光临，祝您生活愉快！
小湘厨木桶饭,D,94794224,5,好吃，现炒,1734624000,1734624000,1734664178,47,0,4,8276840534,1,http://p0.meituan.net/wmcomment/bb14fbdd5e732044cdb5056539b14d80170783.jpg',,感谢亲的赞赏，我们会继续努力提供现炒的美食，欢迎再次品尝！
小湘厨木桶饭,许清颖,121341649,4,天天点这道菜 饭和菜已吃干净！,1734537600,1734537600,1734576247,31,0,4,8273686801,0,,"快速准时', '货品完好'",感谢您的喜爱，我们会继续努力提供美味的食物。如果您有任何建议或需求，欢迎随时向我们反馈，小店为您服务。
小湘厨木桶饭,JUBUER,656896913,5,经常点  好吃 看着也有食欲,1734278400,1734278400,1734324947,32,0,11,8265220684,1,http://p0.meituan.net/wmcomment/3bbef7129d917db69a15112cfa82a7bf970440.jpg',"礼貌热情', '快速准时', '货品完好'",感谢您的常来支持，我们会继续努力提升品质，给您带来更好的用餐体验。
小湘厨木桶饭,QUp802358585,4467624775,4,味道好，值得推荐。就是饭比较少不怎么够呢，如果在点一份饭又是不下。希望饭多打个两勺就够吃了。味道好，好吃是主要,1733414400,1733414400,1733466039,30,0,4,8234225636,0,,快速准时',感谢您的赞赏，我们会在后续的餐品份量上加以关注，希望您能继续关注我们小店的其他美食推荐。
小湘厨木桶饭,bhe708066151,973544421,5,可以,1732377600,1732377600,1732437960,31,0,4,8198209409,1,http://p0.meituan.net/wmcomment/8dfd2e717800c02dd4e6192f16e56b7d157259.jpg',,感谢您的光临，我们会继续努力提升服务质量，祝您生活愉快！
小湘厨木桶饭,匿名用户,0,1,全是骨头，没有一块肉,1732118400,1732118400,1732185343,19,0,10,8189197297,0,,,提供给顾客优质的用餐体验是小店的梦想和信念！本次的问题让小店非常惭愧，小店一定会严于律己，改善这个问题，让您下次您光临的时候，一定是优质的用餐体验！
小湘厨木桶饭,WTJ840343796,289207649,5,不错,1731772800,1731772800,1731822948,14,0,4,8176285179,0,,,感谢您的光临，我们会继续努力提升服务质量，让您满意。
小湘厨木桶饭,匿名用户,0,2,今天的份量只有平时的一半，差评。 要做就好好就，一个菜炒得稀烂！,1731427200,1731427200,1731470710,35,0,4,8163370524,1,http://p0.meituan.net/wmcomment/9547b2094bbed8021f69318ff642e4d4482696.jpg',,亲爱的顾客，对于本次问题先给您致歉，如果再来一次的话，本店一定会注意，争取给您带去优质的用餐体验！希望您能再次光临！
小湘厨木桶饭,cXB281100442,933732284,5,#农家一碗香＋米饭#味道不错好吃，分量很足,1731340800,1731340800,1731408917,26,0,4,8161759647,1,http://p0.meituan.net/wmcomment/27231f45791a1e461594601311de499e654302.jpg',,感谢您对我们的支持和肯定，我们会继续努力提供美味的农家一碗香和充足的米饭，为您带来更好的用餐体验。
小湘厨木桶饭,匿名用户,0,5,经常点这家，分量足，味道很不错,1731340800,1731340800,1731383386,32,0,4,8160392646,2,"http://p0.meituan.net/wmcomment/11e8ec081356f5b3d9b43a452cfa9b46936299.jpg', 'http://p0.meituan.net/wmcomment/ab5f86fb215f90a244f96b87280376781104508.jpg'",,感谢您的认可和支持，我们会继续努力提供美味的餐品和优质的服务。
小湘厨木桶饭,Uze562014451,2786782161,5,#土豆片排骨+米饭#,1731340800,1731340800,1731386530,94,0,11,8160705503,1,http://p0.meituan.net/wmcomment/7f34480a41934cd26048f81850cf757f1032852.jpg',,感谢您的宝贵意见，我们会持续改进，努力做得更好。
小湘厨木桶饭,向日葵,3350119557,5,外卖超美味，量足且配送神速,1731340800,1731340800,1731420416,37,0,4,8162377889,2,"http://p0.meituan.net/wmcomment/7e55767dda2c8e9c2282822cd1061eb3446200.jpg', 'http://p0.meituan.net/wmcomment/fa081d7284513a7221ef0f7e4826427d373140.jpg'",,感谢您的赞赏，我们的外卖味道和分量都经过严格把控，配送速度也是我们的服务亮点。我们会继续努力，为您提供更好的服务！
小湘厨木桶饭,稚始挚终丶,294092346,5,这家外卖的卫生无可指摘，食物美味得超乎想象，真是一次完美的用餐体验！,1731340800,1731340800,1731405726,37,0,4,8161545596,3,"http://p0.meituan.net/wmcomment/ef018751c7eb7fcd54e95184edd77137786177.jpg', 'http://p0.meituan.net/wmcomment/23621bf8f2fc062b900dc4146e3161fa960627.jpg', 'http://p0.meituan.net/wmcomment/655193f41e895e9af7ceb75e538aaecc875405.jpg'",,感谢您的夸奖，我们会继续努力提供高品质的美食和服务，期待您下次的光临。
小湘厨木桶饭,AnM365053249,3504616145,5,#香干腊肉+米饭#很好很不错,1731254400,1731254400,1731298650,37,0,11,8157771300,1,http://p0.meituan.net/wmcomment/34ebe358517363610fd807bb15c39e63684104.jpg',,感谢您的赞赏，我们会继续努力提升品质和服务，让您每次点餐都有美好的体验！
小湘厨木桶饭,FbM326973137,932624562,5,味道很好，不是第一次点了，真的好吃，分量大#冬菇滑鸡+米饭# #小碗福利 | 酸辣土豆丝（限购一份）#,1731254400,1731254400,1731302021,75,0,4,8158032995,2,"http://p0.meituan.net/wmcomment/193e03454623309bef9a38be54693296179227.jpg', 'http://p0.meituan.net/wmcomment/9782f5bb25c54ecb4a0f36edad9fe97c180727.jpg'","仪表整洁', '快速准时', '穿戴工服'",感谢您的光顾和好评，我们会继续努力提升品质和服务，让您有更好的用餐体验，欢迎再次光临本店。
小湘厨木桶饭,草樵有豆,303247322,5,量大管饱，还有一碗豆腐，价格真的美丽,1731254400,1731254400,1731298136,26,0,11,8157717337,1,http://p0.meituan.net/wmcomment/91c6832753411505685dfabf40d13fbe117953.jpg',,谢谢你，我们会如滔滔江水般持之以恒地继续努力，只为您满意！
小湘厨木桶饭,SdO303578231,2718708200,5,#农家一碗香＋米饭#老板人太实在了，给的份量非常足，味道也是大众口味，性价比超高，以后就是非常想点这一家了。味道好极了，份量也多，我觉得特别棒，值得推荐给大家，下次还会点的。玫瑰玫瑰玫瑰玫瑰玫瑰#小碗福利 | 酸辣土豆丝（限购一份）#,1731168000,1731168000,1731234168,13,0,11,8155976382,2,"http://p0.meituan.net/wmcomment/83324ddc7f55cec175a3790e94b3f3ab980907.jpg', 'http://p0.meituan.net/wmcomment/810066e31cd5e8a41ba375ca12b989d7980907.jpg'",,感谢您的夸赞，我们会继续努力提升品质和服务，为您带来更好的用餐体验，您的满意是我们最大的动力。农家一碗香米饭口感足、性价比高，是您值得信赖的餐厅。
小湘厨木桶饭,pQu246650795,872166058,5,可以,1731168000,1731168000,1731207782,44,0,4,8154348806,1,http://p0.meituan.net/wmcomment/e10ccf02fce041b6576e4a3790fd1f0e533132.jpg',,感谢您的认可，我们会继续努力提升服务质量，让您有更好的用餐体验。
小湘厨木桶饭,zx你超棒的,1439325249,5,#烟笋炒肉+米饭#分量很多也很好吃！！！感觉有点辣辣的更好吃了，对江西人很友好??,1731168000,1731168000,1731211262,31,0,4,8154600865,1,http://p0.meituan.net/wmcomment/4f9c039f1817f7ae76ce34c2b38ed9121409075.jpg',,感谢您的肯定，我们的烟笋炒肉确实分量足，口味偏辣，很受欢迎。我们会继续努力，为您提供更好的服务！
小湘厨木桶饭,gHJ597823331,735608809,5,,1762444800,1762444800,1762477843,43,0,4,9255866981,0,,,亲爱的顾客，感谢您对我们店铺的评价与支持，当我们的用心烹饪的菜品得到您的肯定时，是我们最开心的时刻！期待您下次光临小店哦！
小湘厨木桶饭,gHJ597823331,735608809,5,,1762358400,1762358400,1762431687,29,0,4,9254981378,0,,,哎呀妈呀，收到好评以后头也不疼了，眼也不花了，又能继续干活了！^.^谢谢亲的支持
小湘厨木桶饭,FGH33,525028471,5,,1762272000,1762272000,1762315336,27,0,4,9250503075,0,,,自从收到亲的好评，头也不疼了，眼也不花了，又能继续干活了！谢谢亲的支持！
小湘厨木桶饭,匿名用户,0,5,,1762272000,1762272000,1762338974,34,0,4,9251681041,0,,,我们掌柜的说了，如果今天没有100条好评就要打断我的腿，客官你可得救救我帮我多美言几句啊！
小湘厨木桶饭,gHJ597823331,735608809,5,,1762272000,1762272000,1762343608,35,0,4,9251977862,0,,,感谢您对小店的认可，祝您用餐愉快，我们会继续努力!用餐过程中如有任何问题，您可随时联系我们。我们会第一时间为您服务，谢谢!
小湘厨木桶饭,gHJ597823331,735608809,5,,1762272000,1762272000,1762343616,17,0,4,9251978363,0,,,棒棒的顾客！感谢您对我们的支持，祝您度过愉快的一天！我们会不断提升自己，期待下一次的相遇！
小湘厨木桶饭,PNM765566433,1950016683,5,,1762272000,1762272000,1762345715,31,0,4,9252093611,0,,,感谢您的肯定与支持！您每一次的用餐，我们都竭尽所能，我们希望把最好用餐体验带给您，用心做品质我们一直在路上！
小湘厨木桶饭,gHJ597823331,735608809,5,,1762185600,1762185600,1762256901,24,0,4,9249103581,0,,,感谢您对我们的支持，在亲的鼓励与支持下我们会做得更加努力！欢迎亲的下次光临。
小湘厨木桶饭,gHJ597823331,735608809,5,,1762099200,1762099200,1762170680,23,0,4,9246249775,0,,,感谢您对我们的肯定，感觉自己的努力找到了方向，感谢亲给我们动力，今后会给亲们提供更好更优越的服务。
小湘厨木桶饭,PNM765566433,1950016683,5,,1762012800,1762012800,1762054943,30,0,4,9241579859,0,,,人生最幸福的事，莫过于有一群懂你的食客，你的鼓励就是我们店铺继续努力的动力，继续鼓励不要停哦！
小湘厨木桶饭,FGH33,525028471,5,,1762012800,1762012800,1762020452,29,0,4,9241000225,0,,,感谢亲对我们的认可！餐品的品质是我们一直以来的追求，您的支持与认可是对我们的鼓励，也会让我们走得更远！
小湘厨木桶饭,PNM765566433,1950016683,5,,1762012800,1762012800,1762081062,25,0,4,9243196071,0,,,您的一个好评，一句简单的满意或者不错，足以感动到我们内心澎湃！有您相伴，我们会做到更好哒。
小湘厨木桶饭,gHJ597823331,735608809,5,,1761926400,1761926400,1761996903,28,0,4,9240078254,0,,,亲，非常感谢您对我们产品的支持与喜爱!我们近期还推出了一些新品，期待您下次的尝试，祝您生活愉快!
小湘厨木桶饭,gHJ597823331,735608809,5,,1761926400,1761926400,1761996911,36,0,4,9240078825,0,,,感谢您选择我们，我们会不断的提升产品与服务的质量!欢迎再次光临。祝您生活愉快每天都有好心情!
小湘厨木桶饭,gHJ597823331,735608809,5,,1761926400,1761926400,1762003235,35,0,4,9240444086,0,,,感谢亲对我们小店菜品的认可!我们把食物的美味与品质作为我们一直以来的追求，您的支持与认可一定会让我们走的更远!
小湘厨木桶饭,PNM765566433,1950016683,5,,1761840000,1761840000,1761915221,34,0,4,9237211711,0,,,蟹蟹小可爱的五星好评哟！每天忙完最开心的事情就是看到小主你的5星好评！要常来哦亲亲！祝您开森～
小湘厨木桶饭,gHJ597823331,735608809,5,,1761840000,1761840000,1761912270,39,0,4,9237048108,0,,,感谢亲对我们小店菜品的认可!我们把食物的美味与品质作为我们一直以来的追求，您的支持与认可一定会让我们走的更远!
小湘厨木桶饭,FGH33,525028471,5,,1761753600,1761753600,1761801221,23,0,4,9232925035,0,,,我们的追求不仅仅是让您吃饱，让您吃的健康和舒心才是我们的最大目标。您的每一个肯定都是对我们小店前进的大大的动力!
小湘厨木桶饭,PNM765566433,1950016683,5,,1761753600,1761753600,1761825573,22,0,4,9234120790,0,,,感谢亲对我们小店菜品的认可!我们把食物的美味与品质作为我们一直以来的追求，您的支持与认可一定会让我们走的更远!
小湘厨木桶饭,PNM765566433,1950016683,5,,1761667200,1761667200,1761736687,37,0,4,9231051002,0,,,我们掌柜的说了，如果今天没有100条好评就要打断我的腿，客官你可得救救我帮我多美言几句啊！
小湘厨木桶饭,gHJ597823331,735608809,5,,1761580800,1761580800,1761658260,35,0,4,9228612395,0,,,一份坚守，一份努力，一份承诺，一份收获。我们最大的收获是能得到您的支持与肯定，期待与您的再次相遇。
小湘厨木桶饭,gHJ597823331,735608809,5,,1761580800,1761580800,1761658254,27,0,4,9228612115,0,,,蟹蟹小可爱的五星好评哟！每天忙完最开心的事情就是看到小主你的5星好评！要常来哦亲亲！祝您开森～
小湘厨木桶饭,gHJ597823331,735608809,5,,1761494400,1761494400,1761565877,26,0,4,9225517484,0,,,感谢您对我们的肯定，感觉自己的努力找到了方向，感谢亲给我们动力，今后会给亲们提供更好更优越的服务。
小湘厨木桶饭,gHJ597823331,735608809,5,,1761494400,1761494400,1761565887,29,0,4,9225518076,0,,,感谢您对我们的支持，在亲的鼓励与支持下我们会做得更加努力！欢迎亲的下次光临。
小湘厨木桶饭,jholm,3086736520,5,,1761494400,1761494400,1761558352,13,0,4,9225051472,0,,,感谢您对我们的支持！祝您每天都能拥有阳光股的好心情。服务不好的地方还希望亲多原谅。相信我们一直都在努力！
小湘厨木桶饭,尔听那心,173766007,4,,1761494400,1761494400,1761570488,12,0,4,9225750375,0,,"风雨无阻', '仪表整洁', '穿戴工服', '礼貌热情', '货品完好', '快速准时'",感谢亲对我们的认可！餐品的品质是我们一直以来的追求，您的支持与认可是对我们的鼓励，也会让我们走得更远！
小湘厨木桶饭,FxQ359283010,2256683578,5,,1761321600,1761321600,1761366538,34,0,4,9218008337,0,,"快速准时', '礼貌热情', '风雨无阻', '货品完好', '仪表整洁', '穿戴工服'",一流的食材创造出一流的美味！无论天气多么恶劣、距离多么遥远，我们都会把热气腾腾的餐品送到您的手中，您的好评是对我们最大的鼓励！
小湘厨木桶饭,gHJ597823331,735608809,5,,1761321600,1761321600,1761395874,35,0,4,9219701190,0,,,我们掌柜的说了，如果今天没有100条好评就要打断我的腿，客官你可得救救我帮我多美言几句啊！
小湘厨木桶饭,gHJ597823331,735608809,5,,1761148800,1761148800,1761225984,38,0,4,9213814266,0,,,亲爱的顾客，感谢您对我们店铺的评价与支持，当我们的用心烹饪的菜品得到您的肯定时，是我们最开心的时刻！期待您下次光临小店哦！
小湘厨木桶饭,siM842301116,2439517610,5,,1761148800,1761148800,1761183211,24,0,4,9211638690,0,,,都说前世一百次的回眸才能换回今生的一次擦肩而过，那前世至少得五百次回眸才换的来客官您的一次好评啊！为了这五百多次回眸，您以后可得多多光临咱们小店呢。
小湘厨木桶饭,gHJ597823331,735608809,5,,1761148800,1761148800,1761225975,29,0,4,9213813824,0,,,感谢您的肯定与支持！您每一次的用餐，我们都竭尽所能，我们希望把最好用餐体验带给您，用心做品质我们一直在路上！
小湘厨木桶饭,puff,869834308,5,,1761062400,1761062400,1761101384,26,0,4,9208910816,0,,,我们的追求不仅仅是让您吃饱，让您吃的健康和舒心才是我们的最大目标。您的每一个肯定都是对我们小店前进的大大的动力!
小湘厨木桶饭,彼岸花以开ing,3663364845,5,,1761062400,1761062400,1761101927,42,0,4,9208936279,0,,"仪表整洁', '穿戴工服', '礼貌热情', '货品完好', '快速准时', '风雨无阻'",欢迎对我们不断的进行口碑传播。
小湘厨木桶饭,神威皆是琳757,3557707024,4,,1761062400,1761062400,1761109933,91,0,4,9209533648,0,,其他',人生最幸福的事，莫过于有一群懂你的食客，您的鼓励就是我们店铺继续努力的动力，继续鼓励不要停，不~要~停！
小湘厨木桶饭,gHJ597823331,735608809,5,,1760976000,1760976000,1761053622,35,0,4,9208133271,0,,,一份坚守，一份努力，一份承诺，一份收获。我们最大的收获是能得到您的支持与肯定，期待与您的再次相遇。
